id,zhh,zhh_pron,is_r18,chs,en,register,intent
L1,揼波鐘,dam3 bo1 zung1,0,拖延时间/耽误时间/磨洋工/拖拖拉拉/浪费时间,time consuming/play for time,Slang,Time description/Behavioral state
L2,揼時間,dam1 si4 gaan3,0,拖延时间/耽误时间/磨洋工/拖拖拉拉,waste time/dawdle/stall for time/stall for prolong,Colloquial,Time description/Behavioral state
L3,拖延時間​,to1 jin4 si4 gaan3,0,拖延时间/耽误时间,waste time/dawdle/stall for time/stall for prolong,Formal,Time description/Behavioral state
L4,拖時間​,to1 si4 gaan3,0,拖延时间/耽误时间,waste time/dawdle/stall for time/stall for prolong,Colloquial,Time description/Behavioral state
L5,捱時間,ngaai4 si4 gaan3,0,拖延时间/耽误时间/磨洋工/拖拖拉拉,Delay/waste time/drag it out/drag things out/play for time/run down the clock/stonewall/slow walk/string someone along/kill time,Colloquial,Time description/Behavioral state
L6,磨时间,mo4 si4 gaan1,0,拖延时间/耽误时间/磨洋工/拖拖拉拉,Delay/waste time/drag it out/drag things out/play for time/run down the clock/stonewall/slow walk/string someone along,Colloquial,Time description/Behavioral state
L7,拖拖拉拉,to1 to1 laai1 laai1,0,拖延时间/耽误时间/磨洋工/拖拖拉拉,Delay/waste time/drag it out/drag things out/play for time/run down the clock/stonewall/slow walk/string someone along,Colloquial,Time description/Behavioral state
L8,抌功夫,dam2 gung1 fu1,0,所需时间较长,It takes a long time,Slang,Time description/Behavioral state
L9,抌功,dam2 gung1 ,0,所需时间较长,It takes a long time,Slang,Time description/Behavioral state
L10,抌人波鐘,dam3 jan1 bo1 zung1,0,浪费别人时间,Wasting other people's time,Colloquial,Time description/Behavioral state
L11,死蠢,sei2 ceon2,0,笨蛋/蠢货,dumb/imbecile/incredibly stupid/brain dead/silly,Colloquial,curse
L12,蠢材,ceon2 coi4,0,笨蛋/蠢货,dumb/imbecile/incredibly stupid/a fool/an idiot/fool/idiot,Colloquial,curse
L13,茂利,mau6 lei2,0,笨蛋/蠢货,dumb/imbecile/incredibly stupid,Slang,curse
L14,磨碌,mo6 luk1,0,笨蛋/蠢货/没用/没有的人,moron/stupid/retarded/doofus/dimwit/nitwit,Slang,curse
L15,豬頭炳,zyu1 tau4 bing2,0,笨蛋/蠢货,a fool/an idiot/fool/idiot,Slang,curse
L16,人頭豬腦,jan4 tau4 zyu1 nou5,0,人头猪脑/笨蛋/蠢货,dumb/stupid/literally/pig brained/a stupid person/stupid person/silly,Slang,curse
L17,笨柒,ban6 cat6,1,笨蛋/蠢货/笨7/笨叱,dumb person/dumb/imbecile/incredibly stupid/brain dead/silly,Colloquial,curse
L18,柒頭,cat6 tau4,1,笨蛋/蠢货/7头/叱头,dumb person/dumb/imbecile/incredibly stupid/brain dead,Colloquial,curse
L19,笨撚柒,ban6 nan2 cat6,1,笨蛋/蠢货/笨len叱,dumb person/dumb/imbecile/incredibly stupid/brain dead/silly,Colloquial,curse
L20,抌嘢,dam2 je5,0,扔东西/丢东西/丢/扔,Throwing things/throw/toss/chuck,Colloquial,curse
L21,掟嘢,ding3 je5,0,扔东西/丢东西/丢/扔,Throwing things/throw/toss/chuck,Colloquial,Actions/Behaviors
L22,掉嘢,diu1 je5,0,扔东西/丢东西/丢/扔,Throwing things/throw/toss/chuck,Colloquial,Actions/Behaviors
L23,咪揼過嚟,mai1 dam2 gwo3 lai4,0,不要扔过来/扔/丢,Don't throw it at me,Colloquial,reject/Actions/Behaviors
L24,揼住唔做,dam2 zyu6 m4 zou6,0,耗着不做/拖延时间/耽误时间/磨洋工/拖拖拉拉/浪费时间,dragging it out without doing anything/time consuming/play for time,Colloquial,Time description/Behavioral state
L25,揼咗啲嘢佢,dam2 zo2 di1 je5 keoi5,0,把它扔了/把东西扔掉/扔/丢,Throw it away,Colloquial,Actions/Behaviors
L26,咪掟我,mai1 diu1 ngo5,0,不要扔我/别扔我/扔/丢,Don't throw me hard,Colloquial,reject/Actions/Behaviors
L27,唔好掉鳩我,m4 hou2 diu1 gau1 ngo5,1,不要向我方向扔/不要扔我/别扔我/扔/丢,Don't f*cking throw me away.,Colloquial,reject/Actions/Behaviors
L28,揼埋一二邊,dam2 maai4 jat1 ji6 bin1,0,扔在一边/随便扔/扔/丢,Throw it aside/Toss it to the side/Put it aside/Chuck it away/Throw it away,Colloquial,Actions/Behaviors
L29,飛啲嘢埋嚟,fei1 di1 je5 maai4 lai4,0,扔东西过来/丢东西过来/扔/丢,toss it over here/throw it over here,Colloquial,Actions/Behaviors
L30,飛啲嘢過嚟,fei1 di1 je5 gwo3 lai4,0,扔东西过来/丢东西过来/扔/丢,toss it over here/throw it over here,Colloquial,Actions/Behaviors
L31,車埋嚟,ce1 maai4 lai4,0,扔东西过来/丢东西过来/扔/丢,toss it over here/throw it over here,Colloquial,Actions/Behaviors
L32,𢫨,ung2,0,推,push,Colloquial,Actions/Behaviors
L33,㧬,ung2,0,推,push,Colloquial,Actions/Behaviors
L34,擁,jung2,0,推,push,Colloquial,Actions/Behaviors
L35,走鬼,zau2 gwai2,0,摆摊/路边摊/流动贩卖/走鬼摊,stand/set up,Slang,Behavior/Noun
L36,摆檔,baai2 dong3,0,摆摊/路边摊/流动贩卖/走鬼摊,stand/set up,Colloquial,Behavior/Noun
L37,摆檔攤,baai2 dong3 taan1,0,摆摊/路边摊/流动贩卖/走鬼摊,stand/set up,Colloquial,Behavior/Noun
L38,走鬼檔,zau2 gwai2 dong3,0,摆摊/路边摊/流动贩卖/走鬼摊,stand/set up,Colloquial,Noun
L39,推車仔,teoi1 ce1 zai2,0,摆摊/路边摊/流动贩卖/走鬼摊,stand/set up,Colloquial,Noun
L40,做走鬼,zou6 zau2 gwai2,0,去摆摊/做路边摊/做流动贩卖/做走鬼摊,Make a run for it/stand/set up,Slang,Noun
L41,擺街,baai2 gaai1,0,摆摊/路边摊/流动贩卖/走鬼摊,stand/set up,Colloquial,Behavior/Noun
L42,街檔,gaai1 dong3,0,摆摊/路边摊/流动贩卖/走鬼摊,stand/set up,Colloquial,Noun
L43,死雞撑飯蓋,sei2 gai1 caang1 faan6 goi3,0,不服输/明知错不认/不认错/死撑,The dead chicken forcing thelid of the rice pot open/So proud/try to bear/hardly stand for something/So full of himself/Has to save face,Slang,
L44,死頂,sei2 ding2,0,不服输/明知错不认/不认错/死撑/苦撑,So proud/try to bear/hardly stand for something/So full of himself/Has to save face,Colloquial,
L45,唔认输,m4 jing6 syu1,0,不服输/明知错不认/不认错/死撑,So proud/try to bear/hardly stand for something/So full of himself/Has to save face,Formal,
L46,死撑,sei2 caang3,0,不服输/明知错不认/不认错/死撑/苦撑,So proud/try to bear/hardly stand for something/So full of himself/Has to save face,Colloquial,
L47,死要面,sei2 jiu3 min2,0,不服输/明知错不认/不认错/死撑/苦撑,So proud/try to bear/hardly stand for something/So full of himself/Has to save face,Colloquial,
L48,𠮩𠹌,liu1 lang1,0,冷门/刁钻/怪异/不常见/另类,uncommon/rare and strange/niche/raretricky/complicated/difficult/similar to,Slang,
L49,𠵇𠺫,keu4 leu1,0,冷门/刁钻/怪异/不常见/另类,uncommon/rare and strange/niche/raretricky/complicated/difficult/similar to,Slang,
L50,撩棱,liu1 lang1,0,冷门/刁钻/怪异/不常见/另类,uncommon/rare and strange/niche/raretricky/complicated/difficult/similar to,Slang,
L51,捞绞,laau2 gaau4,0,冷门/刁钻/怪异/不常见/另类,uncommon/rare and strange/niche/raretricky/complicated/difficult/similar to,Slang,
L52,刁​鑽,diu1 zyun3,0,冷门/刁钻/怪异/不常见/另类,uncommon/rare and strange/niche/raretricky/complicated/difficult/similar to,Formal,
L53,泶嫪,laau2 gaau6,0,冷门/刁钻/怪异/不常见/另类,uncommon/rare and strange/niche/raretricky/complicated/difficult/similar to,Slang,
L54,噉,gam2,0,这样/那样/那,like this/such/in this way/like/in the manner of/to to certain level,Colloquial,
L55,噉樣,gam2 joeng2,0,这样/那样/那,like this/such/in this way/like/in the manner of/to to certain level,Colloquial,
L56,噉點,gam2 dim2,0,这样/那样/那,like this/such/in this way/like/in the manner of/to to certain level,Colloquial,ask
L57,咁,gam3,0,这么/那么,like this/so/to such an extent/this/in this manner/like/seems/well/then/that,Colloquial,
L58,咁犀利,gam3 sai1 lei6,0,这么厉害/那么厉害/这么牛逼/那么牛逼,,Colloquial,
L59,咁劲,gam3 ging6,0,这么厉害/那么厉害/这么牛逼/那么牛逼/这么牛/那么牛,,Colloquial,
L60,點樣,dim2 joeng2,0,怎么样/如何/怎样,how/what way/what's with it/what's up/how's it like/what is it like,Colloquial,ask
L61,點,dim2,0,怎么样/如何/怎样,how/what way/what's with it/what's up/how's it like/what is it like,Colloquial,ask
L62,點樣樣,dim2 joeng1 joeng2,0,怎么样/如何/怎样,how/what way/what's with it/what's up/how's it like/what is it like,Colloquial,ask
L63,點鬼樣,dim2 gwai2 joeng2,0,怎么样/如何/怎样,how/what way/what's with it/what's up/how's it like/what is it like,Colloquial,ask
L64,緊要,gan2 jiu3,0,要紧/重要/夸张,crucial/important/vital/exaggerate/critical,Formal,
L65,要緊,jiu3 gan2,0,要紧/重要/夸张,crucial/important/vital/exaggerate/critical,Formal,
L66,关键,gwaan1 gin6,0,要紧/重要/夸张/关键,crucial/important/vital/exaggerate/critical,Formal,
L67,交關,gaau1 gwaan1,0,要紧/重要/夸张/交关,crucial/important/vital/exaggerate/critical,Colloquial,
L68,咁上下,gam3 soeng6 haa2,0,达到一定水平/差不多/大致上/普普通通/大差不差/接近了/一般般/差不多这样,that's about it/pretty much/same difference/not faroff/a little bit/approximate/insignificant/unassuming/ordinary and mediocre/approximately/so-so,Colloquial,
L69,差唔多,caa1 m4 do1,0,达到一定水平/差不多/大致上/普普通通/大差不差/接近了/一般般/差不多这样,that's about it/pretty much/same difference/not faroff/a little bit/approximate/insignificant/unassuming/ordinary and mediocre/approximately/so-so,Colloquial,
L70,左右,zo2 jau2,0,达到一定水平/差不多/大致上/普普通通/大差不差/接近了/一般般/差不多这样,that's about it/pretty much/same difference/not faroff/a little bit/approximate/insignificant/unassuming/ordinary and mediocre/approximately/so-so,Colloquial,
L71,係咁上下,hai6 gam3 soeng6 haa2,0,达到一定水平/差不多/大致上/普普通通/大差不差/接近了/一般般/差不多这样,that's about it/pretty much/same difference/not faroff/a little bit/approximate/insignificant/unassuming/ordinary and mediocre/approximately/so-so,Colloquial,
L72,咁大隻蛤乸隨街跳,gam3 daai6 zek3 haa1 naa2 ceoi4 gaai1 tiu3,0,沒有免費的午餐/天上不会掉馅饼,too good to be true/It's not that simple/something too good to be true/There is no free lunch,Slang,
L73,咁抵？,gam3 dai2,0,沒有免費的午餐/天上不会掉馅饼,too good to be true/It's not that simple/something too good to be true/There is no free lunch,Colloquial,ask
L74,坚唔坚吖？,gin1 m4 gin1 aa1,0,沒有免費的午餐/天上不会掉馅饼/真的假的/不会吧,too good to be true/It's not that simple/something too good to be true/There is no free lunch,Colloquial,ask
L75,咁好死？,gam3 hou2 sei2,0,沒有免費的午餐/天上不会掉馅饼,too good to be true/It's not that simple/something too good to be true/There is no free lunch,Colloquial,ask
L76,咁着數？,gam3 zoek6 sou3,0,沒有免費的午餐/天上不会掉馅饼,too good to be true/It's not that simple/something too good to be true/There is no free lunch,Colloquial,ask
L77,咁啱得咁蹺,gam3 ngaam1 dak1 gam3 kiu2,0,真巧合/这么巧呀/不谋而合/湊巧/说多巧有多巧/巧合/这么巧,coincide/coincidentally/fortuitously/by chance,Slang,
L78,咁啱,gam3 ngaam1 ,0,真巧合/这么巧呀/不谋而合/湊巧/说多巧有多巧/巧合/这么巧,coincide/coincidentally/fortuitously/by chance,Colloquial,
L79,咁橋,gam3 kiu2,0,真巧合/这么巧呀/不谋而合/湊巧/说多巧有多巧/巧合/这么巧,coincide/coincidentally/fortuitously/by chance,Colloquial,
L80,咁錯蕩,gam3 co3 dong6,0,真巧合/这么巧呀/不谋而合/湊巧/说多巧有多巧/巧合/这么巧,coincide/coincidentally/fortuitously/by chance,Colloquial,
L81,啱啱遇著剛剛,ngaam1 ngaam1 jyu6 zoek6 gong1 gong1,0,真巧合/这么巧呀/不谋而合/湊巧/说多巧有多巧/巧合/这么巧,coincide/coincidentally/fortuitously/by chance,Slang,
L82,咁多人死唔見你死,gam3 do1 jan4 sei2 m4 gin3 nei5 sei2,0,应该死的不去死/该死不死/这么多人死为什么你不去死,"damn it, yet still alive/So many people are dying, why don't you die/why don't you die when there's so much death",Colloquial,
L83,走開啦,zau2 hoi1 laa1,0,走开吧/滚吧/起开/滚/一边去/滚开,get out of here/fuck off/get lost/get out of here/beat it/get out,Colloquial,
L84,行開啦,haang4 hoi1 laa1,0,走开吧/滚吧/起开/滚/一边去/滚开,get out of here/fuck off/get lost/get out of here/beat it/get out,Colloquial,
L85,死開啦,sei2 hoi1 laa1,0,走开吧/滚吧/起开/滚/一边去/滚开,get out of here/fuck off/get lost/get out of here/beat it/get out,Colloquial,
L86,躝吖,laan4 aa1,0,走开吧/滚吧/起开/滚/一边去/滚开,get out of here/fuck off/get lost/get out of here/beat it/get out,Colloquial,
L87,走吖,zau2 aa1,0,走开吧/滚吧/起开/滚/一边去/滚开,get out of here/fuck off/get lost/get out of here/beat it/get out,Colloquial,
L88,躝開,laan1 hoi1,0,走开吧/滚吧/起开/滚/一边去/滚开/lan开,get out of here/fuck off/get lost/get out of here/beat it/get out,Colloquial,
L89,咁近城隍廟都唔求支好籤,gam3 kan5 sing4 wong4 miu2 dou1 m4 kau4 zi1 hou2 cim1,0,不会把握机会,to fail to take advantage of an opportunity,Slang,
L90,唔識把握機會,m4 sik1 baap3 woek6 gei1 wui6,0,不会把握机会/唔识把握机会,to fail to take advantage of an opportunity,Colloquial,
L91,盟塞,mang4 sak1,0,思想不开通/吃古不化/盟塞,narrow minded/conservatives/fuddy duddy/dogged/stubborn/obstinate,Colloquial,
L92,㒼塞,mang4 sak1,0,思想不开通/吃古不化/盟塞,narrow minded/conservatives/fuddy duddy/dogged/stubborn/obstinate,Colloquial,
L93,食古不化,sik6 gu2 bat1 faa3,0,思想不开通/吃古不化,narrow minded/conservatives/fuddy duddy/dogged/stubborn/obstinate,Slang,
L94,咁大個都唔化,gam3 daai6 go3 dou1 m4 faa3,0,思想不开通/吃古不化,narrow minded/conservatives/fuddy duddy/dogged/stubborn/obstinate,Slang,
L95,點唔明,dim2 m4 ming4,0,思想不开通/吃古不化,narrow minded/conservatives/fuddy duddy/dogged/stubborn/obstinate,Colloquial,
L96,講唔通,gong2 m4 tung1,0,思想不开通/吃古不化,narrow minded/conservatives/fuddy duddy/dogged/stubborn/obstinate,Colloquial,
L97,硬頸,ngaang6 geng2,0,思想不开通/吃古不化/硬颈,narrow minded/conservatives/fuddy duddy/dogged/stubborn/obstinate,Colloquial,
L98,萌塞,mang4 sak1,0,思想不开通/吃古不化/盟塞,narrow minded/conservatives/fuddy duddy/dogged/stubborn/obstinate,Colloquial,
L99,盲塞,mang4 sak1,0,思想不开通/吃古不化,narrow minded/conservatives/fuddy duddy/dogged/stubborn/obstinate,Colloquial,
L100,墨守成規,mak6 sau2 sing4 kwai1,0,思想不开通/吃古不化,narrow minded/conservatives/fuddy duddy/dogged/stubborn/obstinate,Formal,
L101,冥頑不靈,ming5 waan4 bat1 ling4,0,思想不开通/吃古不化,narrow minded/conservatives/fuddy duddy/dogged/stubborn/obstinate/pigheaded/stupid,Formal,
L102,失覺曬,sat1 gok3 saai3,0,不好意思/失礼了,so sorry/Excuse me,Colloquial,
L103,唔好意思,m4 hou2 ji3 si3,0,不好意思/失礼了,so sorry/Excuse me,Colloquial,
L104,失禮曬,sat1 lai5 saai3,0,不好意思/失礼了,so sorry/Excuse me,Colloquial,
L105,唔该,m4 goi1,0,不好意思/麻烦你/唔该,so sorry/Excuse me/please,Colloquial,
L106,猛龍過江,maang5 lung4 gwo3 gong1,0,有能力到外/有本身到外/异地发展/在外地拼搏/在外地谋生/有本事的到外发展/比喻有才专华有才能的人才敢想敢拼,ability to go to other places,Slang,
L107,過江龍,gwo3 gong1 lung4,0,有能力到外/有本身到外/异地发展/在外地拼搏/在外地谋生/有本事的到外发展/比喻有才专华有才能的人才敢想敢拼/过江龙/搭电/跨接电缆,ability to go to other places/jumper cables/a booster cable/a jumper cable,Slang,
L108,捞过界,gei2 do1 cin2,0,有能力到外/有本身到外/异地发展/在外地拼搏/在外地谋生/有本事的到外发展/比喻有才专华有才能的人才敢想敢拼,ability to go to other places,Colloquial,
L109,點賣,dim2 maai6,0,怎么卖/多少钱/怎么算,how much,Colloquial,ask
L110,幾錢,gei2 cin2,0,怎么卖/多少钱/怎么算,how much,Colloquial,ask
L111,幾多錢,gei2 do1 cin2,0,怎么卖/多少钱/怎么算,how much,Colloquial,ask
L112,點計數,dim2 gai3 sou3,0,怎么卖/多少钱/怎么算,how much,Colloquial,ask
L113,點計,dim2 gai3,0,怎么卖/多少钱/怎么算,how much,Colloquial,ask
L114,幾蚊啊,gei2 man1 aa3,0,怎么卖/多少钱/怎么算,how much,Colloquial,ask
L115,點不知,dim2 bat1 zi1,0,谁知道/哪知道/谁想到/没想到/怎麼知道/如何得知/不料/谁知/谁料到/没想到/谁想到/竟然,unexpectedly/but/Who knows,Colloquial,
L116,出乎意料,ceot1 fu4 ji3 liu6,0,谁知道/哪知道/谁想到/没想到/怎麼知道/如何得知/不料/谁知/谁料到/没想到/谁想到/竟然,unexpectedly/but/Who knows,Formal,
L117,誰不知,seoi4 bat1 zi1,0,谁知道/哪知道/谁想到/没想到/怎麼知道/如何得知/不料/谁知/谁料到/没想到/谁想到/竟然,unexpectedly/but/Who knows,Colloquial,
L118,估唔到,gu2 m4 dou2,0,谁知道/哪知道/谁想到/没想到/怎麼知道/如何得知/不料/谁知/谁料到/没想到/谁想到/竟然,unexpectedly/but/Who knows,Colloquial,
L119,點估到,dim2 gu2 dou2,0,谁知道/哪知道/谁想到/没想到/怎麼知道/如何得知/不料/谁知/谁料到/没想到/谁想到/竟然,unexpectedly/but/Who knows,Colloquial,
L120,點知,dim2 zi1,0,谁知道/哪知道/谁想到/没想到/怎麼知道/如何得知/不料/谁知/谁料到/没想到/谁想到/竟然,unexpectedly/but/Who knows,Colloquial,ask
L121,冇諗到,mou5 nam2 dou2,0,谁知道/哪知道/谁想到/没想到/怎麼知道/如何得知/不料/谁知/谁料到/没想到/谁想到/竟然,unexpectedly/but/Who knows,Colloquial,
L122,諗唔到,nam2 m4 dou2,0,谁知道/哪知道/谁想到/没想到/怎麼知道/如何得知/不料/谁知/谁料到/没想到/谁想到/竟然,unexpectedly/but/Who knows,Colloquial,
L123,點收科,dim2 sau1 fo1,0,怎么收场/怎么样才好/怎么救场/如何力挽狂澜,How to save the day/How to end it,Colloquial,ask
L124,點算好,dim2 syun3 hou2,0,怎么收场/怎么样才好/怎么救场/如何力挽狂澜,How to save the day/How to end it,Colloquial,ask
L125,點好,dim2 hou2,0,怎么收场/怎么样才好/怎么救场/如何力挽狂澜,How to save the day/How to end it,Colloquial,ask
L126,點搞,dim2 gaau2,0,怎么收场/怎么样才好/怎么救场/如何力挽狂澜,How to save the day/How to end it,Colloquial,ask
L127,呃,ak1,0,骗/欺骗/隐瞒/诈骗/忽悠/撒谎,cheat/to cheat/to trick/trick/deceive/lie/cheat/to swindle/chouse,Colloquial,
L128,老點,lou5 dim2,0,骗/欺骗/隐瞒/诈骗/忽悠,cheat/to cheat/to trick/trick/deceive/lie/cheat/to swindle,Colloquial,
L129,坤,kwan1,0,骗/欺骗/隐瞒/诈骗/忽悠/占便宜,cheat/to cheat/to trick/trick/deceive/lie/cheat/to swindle/chouse,Colloquial,
L130,水,seoi2,0,骗/欺骗/隐瞒/诈骗/忽悠,cheat/to cheat/to trick/trick/deceive/lie/cheat/to swindle/chouse,Colloquial,
L131,滚,gwan2,0,骗/欺骗/隐瞒/诈骗,cheat/to cheat/to trick/trick/deceive/lie/cheat/to swindle/chouse,Colloquial,
L132,講大話,gong2 daai6 waa6,0,骗/欺骗/隐瞒/诈骗/撒谎,cheat/to cheat/to trick/trick/deceive/lie/cheat/to swindle,Colloquial,
L133,點止,dim2 zi2,0,不止/何止/哪儿止/哪止,not only/incessantly/without end,Colloquial,
L134,唔指,m4 zi2,0,不止/何止/哪儿止/哪止,not only/incessantly/without end,Colloquial,
L135,唔淨指,m4 zing6 zi2,0,不止/何止/哪儿止/哪止,not only/incessantly/without end,Colloquial,
L136,边止,bin1 zi2,0,不止/何止/哪儿止/哪止,not only/incessantly/without end,Colloquial,
L137,何止,ho4 zi2,0,不止/何止/哪儿止/哪止,not only/incessantly/without end,Colloquial,
L138,不止,bat1 zi2,0,不止/何止/哪儿止/哪止,not only/incessantly/without end,Colloquial,
L139,點講都好,dim2 gong2 dou1 hou2,0,无论怎么说/不管怎么说/不管怎么样/无论如何/总之,No matter what/whatever/in any case/For better or for worse,Colloquial,
L140,無論如何,mou4 leon6 jyu4 ho4,0,无论怎么说/不管怎么说/不管怎么样/无论如何/总之,No matter what/whatever/in any case/For better or for worse,Formal,
L141,點都好,dim2 dou1 hou2,0,无论怎么说/不管怎么说/不管怎么样/无论如何/总之,No matter what/whatever/in any case/For better or for worse,Colloquial,
L142,點餸 ,dim2 sung3,0,点菜/点餐,to order/order,Colloquial,
L143,點菜,dim2 coi3,0,点菜/点餐,to order/order,Colloquial,
L144,點餐,dim2 caan1,0,点菜/点餐,to order/order,Colloquial,
L145,點嘢,dim2 je5,0,点菜/点餐,to order/order,Colloquial,
L146,落單,lok6 daan1,0,点菜/点餐,to order/order,Colloquial,
L147,嗌嘢,aai3 je5,0,点菜/点餐,to order/order,Colloquial,
L148,寫嘢,se2 je5,0,点菜/点餐,to order/order,Colloquial,
L149,點係啊,dim2 hai6 aa3,0,太客气了/怎么好意思呢/太客气,too kind,Colloquial,
L150,點好意思啊,dim2 hou2 ji3 si1 aa3,0,太客气了/怎么好意思呢/太客气,too kind,Colloquial,
L151,太客氣啦,taai3 haak3 hei3 laa1,0,太客气了/怎么好意思呢/太客气,too kind,Formal,
L152,點心車,dim2 sam1 ce1,0,点心车/小食车,dim sum cart,Colloquial,
L153,推車點心,teoi1 ce1 dim2 sam1,0,点心车/小食车,dim sum cart,Colloquial,
L154,糕点車,go1 dim2 ce1,0,点心车/小食车,dim sum cart,Colloquial,
L155,點錯相,dim2 co3 soeng3,0,认错人/找错人,mistaken identity/wrong target,Colloquial,
L156,認錯人,jing6 co3 jan4,0,认错人/找错人,mistaken identity/wrong target,Colloquial,
L157,點樣去？,dim2 joeng6 heoi3,0,怎么去/怎样去/怎么走,how to get there,Colloquial,
L158,點去？,dim2 heoi3,0,怎么去/怎样去/怎么走,how to get there,Colloquial,
L159,點樣行？,dim2 joeng6 haang4,0,怎么去/怎样去/怎么走,how to get there,Colloquial,
L160,點行？,dim2 haang4,0,怎么去/怎样去/怎么走,how to get there,Colloquial,
L161,點到即止,dim2 dou3 zik1 zi2,0,点到为止；适可而止,Stop here/know when to stop/leave it at that/let’s leave it there/that’s enough / that’ll do,Formal,
L162,點到為止,dim2 dou3 wai4 zi2,0,点到为止；适可而止,Stop here/know when to stop/leave it at that/let’s leave it there/that’s enough / that’ll do,Formal,
L163,停喺呢度,ting4 hai2 ni1 dou6,0,点到为止；适可而止,Stop here/know when to stop/leave it at that/let’s leave it there/that’s enough / that’ll do,Colloquial,
L164,就咁先啦,zau6 gam3 sin1 laa1,0,点到为止；适可而止,Stop here/know when to stop/leave it at that/let’s leave it there/that’s enough / that’ll do,Colloquial,
L165,到此為止,dou3 ci2 wai4 zi2,0,点到为止；适可而止,Stop here/know when to stop/leave it at that/let’s leave it there/that’s enough / that’ll do,Colloquial,
L166,適可而止,sik1 ho2 ji4 zi2,0,点到为止；适可而止,Stop here/know when to stop/leave it at that/let’s leave it there/that’s enough / that’ll do,Formal,
L167,點睇,dim2 tai2,0,有何看法/有什么看法/有什么想法/怎么样/怎么看,how do you see this/What do you think/What’s your opinion/How do you feel/What are your thoughts/Any thoughts/What do you reckon/How do you see it/How is it/How does it look/How does that soun/Is that okay with you,Colloquial,
L168,有咩諗法,hou2 me1 lam2 faat3,0,有何看法/有什么看法/有什么想法/怎么样/怎么看,how do you see this/What do you think/What’s your opinion/How do you feel/What are your thoughts/Any thoughts/What do you reckon/How do you see it/How is it/How does it look/How does that soun/Is that okay with you,Colloquial,
L169,有何睇法,jau5 ho4 tai2 faat3,0,有何看法/有什么看法/有什么想法/怎么样/怎么看,how do you see this/What do you think/What’s your opinion/How do you feel/What are your thoughts/Any thoughts/What do you reckon/How do you see it/How is it/How does it look/How does that soun/Is that okay with you,Formal,
L170,點解,dim2 gaai2,0,什么原因/原因是什么/为什么,how to explain/how come/why,Colloquial,
L171,何解,ho4 gaai2,0,什么原因/原因是什么/为什么,how to explain/how come/why,Formal,
L172,乜解究,mat1 gaai2 gau3,0,什么原因/原因是什么/为什么,how to explain/how come/why,Colloquial,
L173,因乜解究,jan1 mat1 gaai2 gau3,0,什么原因/原因是什么/为什么,how to explain/how come/why,Colloquial,
L174,點話點好,dim2 waa6 dim2 hou2,0,怎么都可以/怎样说都可以/怎么说就怎么办/你说什么就什么/说什么就什么/听你的,up to you/as you wish/whatever you say/it`s your call/you`re the boss,Colloquial,
L175,隨你意思,ceoi4 nei5 ji3 si3,0,怎么都可以/怎样说都可以/怎么说就怎么办/你说什么就什么/说什么就什么/听你的,up to you/as you wish/whatever you say/it`s your call/you`re the boss,Colloquial,
L176,你想點都得,nei5 soeng2 dim2 dou1 dak1,0,怎么都可以/怎样说都可以/怎么说就怎么办/你说什么就什么/说什么就什么/听你的,up to you/as you wish/whatever you say/it`s your call/you`re the boss,Colloquial,
L177,點都得,dim2 dou1 dak1,0,怎么都可以/怎样说都可以/怎么说就怎么办/你说什么就什么/说什么就什么/听你的,up to you/as you wish/whatever you say/it`s your call/you`re the boss,Colloquial,
L178,你話咩就咩,nei5 waa6 me1 zau6 me1,0,怎么都可以/怎样说都可以/怎么说就怎么办/你说什么就什么/说什么就什么/听你的,up to you/as you wish/whatever you say/it`s your call/you`re the boss,Colloquial,
L179,你話乜就咩,nei5 waa6 mat1 zau6 mat1,0,怎么都可以/怎样说都可以/怎么说就怎么办/你说什么就什么/说什么就什么/听你的,up to you/as you wish/whatever you say/it`s your call/you`re the boss,Colloquial,
L180,你話事,nei5 waa6 si6,0,怎么都可以/怎样说都可以/怎么说就怎么办/你说什么就什么/说什么就什么/听你的,up to you/as you wish/whatever you say/it`s your call/you`re the boss,Colloquial,
L181,點頭之交,dim2 tau4 zi1 gaau1,0,普通朋友/没什么交集/泛泛之交,common friend / people with little interaction / casual acquaintances,Formal,
L182,泛泛之交,faan6 faan6 zi1 gaau1,0,普通朋友/没什么交集/泛泛之交,common friend / people with little interaction / casual acquaintances,Formal,
L183,普通朋友,pou2 tung1 pang4 jau5,0,普通朋友/没什么交集/泛泛之交,common friend / people with little interaction / casual acquaintances,Colloquial,
L184,點紅點綠,dim2 hung4 dim2 luk6,0,存心误导人/忽悠,to mislead someone deliberately/lying/deceiving/boasting/talking nonsense/blathering/cheating/telling lies/to lie/lie,Colloquial,
L185,指點江山,zi2 dim2 gong1 saan1,0,存心误导人/忽悠/指點江山/纠正错误,to mislead someone deliberately/deceiving/talking nonsense/set the world to rights,Formal,
L186,想點,soeng2 dim2,0,想怎么样/想怎样,What do you want/How do you want,Colloquial,
L187,諗住點,lam2 zyu6 dim2,0,想怎么样/想怎样,What do you want/How do you want,Colloquial,
L188,想點樣,soeng2 dim2 joeng6,0,想怎么样/想怎样,What do you want/How do you want,Colloquial,
L189,想點閪樣,soeng2 dim2 haai1 joeng6,1,想怎么样/想怎样,What do you want/How do you want,Colloquial,
L190,想點撚樣,soeng2 dim2 nan2 joeng6,1,想怎么样/想怎样,What do you want/How do you want,Colloquial,
L191,點啊,dim2 aa3,0,想怎么样/想怎样,What do you want/How do you want,Colloquial,
L192,擗埋一二邊,pik1 maai4 jat1 ji6 bin1,0,放在一边/丢在一边/扔在一边/丢/扔,set it aside/throw it aside/chuck it to one side/put it aside/toss it aside/shelve it aside,Colloquial,
L193,擗埋一邊,pik1 maai4 jat1 bin1,0,放在一边/丢在一边/扔在一边/丢/扔,set it aside/throw it aside/chuck it to one side/put it aside/toss it aside/shelve it aside,Colloquial,
L194,放埋一邊,fong3 maai4 jat1 bin1,0,放在一边/丢在一边/扔在一边/丢/扔,set it aside/throw it aside/chuck it to one side/put it aside/toss it aside/shelve it aside,Colloquial,
L195,放埋一二邊,fong3 maai4 jat1 ji6 bin1,0,放在一边/丢在一边/扔在一边/丢/扔,set it aside/throw it aside/chuck it to one side/put it aside/toss it aside/shelve it aside,Colloquial,
L196,抌埋一二邊,dam2 maai4 jat1 ji6 bin1,0,甩在一边/丢/扔,cast it aside/brush it aside,Colloquial,
L197,揼埋一邊,zam2 maai4 jat1 bin1,0,甩在一边/丢/扔,cast it aside/brush it aside,Colloquial,
L198,擗一二邊,pik1 jat1 ji6 bin1,,扔一边/丢一边/放一边/丢/扔,set it /throw it /toss it ,Colloquial,
L199,擗一邊,pik1 jat1 bin1,0,扔一边/丢一边/放一边/丢/扔,set it /throw it /toss it ,Colloquial,
L200,放一二邊,fong3 jat1 ji6 bin1,0,扔一边/丢一边/放一边/丢/扔,set it /throw it /toss it ,Colloquial,
L201,放一邊,fong3 jat1 bin1,0,扔一边/丢一边/放一边/丢/扔,set it /throw it /toss it ,Colloquial,
L202,抌一二邊,dam2 jat1 ji6 bin1,0,甩一边/丢/扔,cast it ,Colloquial,
L203,抌一邊,dam2 jat1 bin1,0,甩一边/丢/扔,cast it ,Colloquial,
L204,抌低,dam2 dai1,0,甩一边/丢/扔,cast it ,Colloquial,
L205,抌垃圾,dam2 laap6 saap3,0,丢垃圾/倒垃圾/扔垃圾/丢/扔,throw out thegarbage/throw out trash/take out the thegarbage/take out the trash/put out the thegarbage/put out the trash/litter/dump,Colloquial,
L206,掉垃圾,diu6 laap6 saap3,0,丢垃圾/倒垃圾/扔垃圾/丢/扔,throw out thegarbage/throw out trash/take out the thegarbage/take out the trash/put out the thegarbage/put out the trash/litter/dump,Colloquial,
L207,抛垃圾,paau1 laap6 saap3,0,丢垃圾/倒垃圾/扔垃圾/丢/扔,throw out thegarbage/throw out trash/take out the thegarbage/take out the trash/put out the thegarbage/put out the trash/litter/dump,Colloquial,
L208,掟煲,deng6 bou1,0,分手,separate,Colloquial,
L209,分手,fan1 sau2,0,分手,separate,Formal,
L210,抌咗佢,dam2 zo2 keoi5,0,倒掉它/扔掉它/丢掉它/丢/扔,throw it away/discard it/Pour it out/throw away/toss out/deep six,Colloquial,
L211,掉咗佢,diu6 zo2 keoi5,0,倒掉它/扔掉它/丢掉它/丢/扔,throw it away/discard it/Pour it out/throw away/toss out/deep six,Colloquial,
L212,倒咗佢,dou3 zo2 keoi5,0,倒掉它/扔掉它/丢掉它/丢/扔,throw it away/discard it/Pour it out/throw away/toss out/deep six,Colloquial,
L213,弹開,taan6 hoi1,0,走开/起开/滚/一边去,get out of here/fuck off/get lost/get out of here/beat it/get out,Colloquial,
L214,行開,haang4 hoi1,0,走开/起开/滚/一边去,get out of here/fuck off/get lost/get out of here/beat it/get out,Colloquial,
L215,死開,sei2 hoi1,0,走开/起开/滚/一边去,get out of here/fuck off/get lost/get out of here/beat it/get out,Colloquial,
L216,走開,zau2 hoi1,0,走开/起开/滚/一边去,get out of here/fuck off/get lost/get out of here/beat it/get out,Colloquial,
L217,躝屍趷路,laan1 si1 tik1 lou6,0,走开吧/滚吧/起开/滚/一边去/滚开/走开,get out of here/fuck off/get lost/get out of here/beat it/get out,Slang,
L218,死埋一邊,sei2 maai4 jat1 bin1,0,走开/起开/滚/一边去,get out of here/fuck off/get lost/get out of here/beat it/get out,Colloquial,
L219,躝,laan1,0,走开/起开/滚/一边去,get out of here/fuck off/get lost/get out of here/beat it/get out,Colloquial,
L220,过主,gwo3 zyu2,0,走开/起开/滚/一边去,get out of here/fuck off/get lost/get out of here/beat it/get out,Colloquial,
L221,趷開,tik1 hoi1,0,走开/起开/滚/一边去,get out of here/fuck off/get lost/get out of here/beat it/get out,Colloquial,
L222,揼咗啲嘢佢,dam2 zo2 di1 je5 keoi5,0,把它们都倒掉/把它们都扔掉/把它们都丢掉,Pour them all out / Throw them all away / Discard them all/deep six,Colloquial,
L223,掉咗啲嘢佢,diu6 zo2 di1 je5 keoi5,0,把它们都倒掉/把它们都扔掉/把它们都丢掉,Pour them all out / Throw them all away / Discard them all/deep six,Colloquial,
L224,倒咗啲嘢佢,dou3 zo2 di1 je5 keoi5,0,把它们都倒掉/把它们都扔掉/把它们都丢掉,Pour them all out / Throw them all away / Discard them all/deep six,Colloquial,
L225,躝街,laan1 gaai1,0,逛街/逛街去/出门,shop/Shopping/ Going shopping/Going out,Colloquial,
L226,出街,ceot1 gaai1,0,逛街/逛街去/出门,shop/Shopping/ Going shopping/Going out,Colloquial,
L227,哨街,saau3 gaai1,0,逛街/逛街去/出门,shop/Shopping/ Going shopping/Going out,Colloquial,
L228,逛街,gwaang1 gaai1,0,逛街/逛街去/出门,shop/Shopping/ Going shopping/Going out,Colloquial,
L229,出门,ceot1 mun4,0,逛街/逛街去/出门,shop/Shopping/ Going shopping/Going out,Colloquial,
L230,去街,heoi3 gaai1,0,逛街/逛街去/出门,shop/Shopping/ Going shopping/Going out,Colloquial,
L231,撻落地下,taat3 lok6 dei6,0,重重甩在地下/摔在地下,thrown heavily to the ground/slammed to the ground/hurl/fling/slam down,Colloquial,
L232,撻啲嘢落地下,taat3 di1 je5 lok6 dei6,0,重重甩在地下/摔在地下,thrown heavily to the ground/slammed to the ground/hurl/fling/slam down,Colloquial,
L233,揼春 ,dam2 ceon1,0,后悔莫及/极度失望/扎心/后悔,throw something over very quickly/too late to regret/Heartbreaking/to regret,Colloquial,
L234,抌心,dam2 sam1,0,后悔莫及/极度失望/扎心/后悔,throw something over very quickly/too late to regret/Heartbreaking/to regret,Colloquial,
L235,抌心口,dam2 sam1 hung1,0,后悔莫及/极度失望/扎心/后悔,throw something over very quickly/too late to regret/Heartbreaking/to regret,Colloquial,
L236,揼袋,dam2 doi6,0,后悔莫及/极度失望/扎心/后悔,throw something over very quickly/too late to regret/Heartbreaking/to regret,Colloquial,
L237,后悔,hau6 fui3,0,后悔莫及/极度失望/扎心/后悔,throw something over very quickly/too late to regret/Heartbreaking/to regret,Colloquial,
L238,趸春,dan2 ceon1,0,后悔莫及/极度失望/扎心/后悔,throw something over very quickly/too late to regret/Heartbreaking/to regret,Colloquial,
L239,抌膥 ,dam2 ceon1,0,后悔莫及/极度失望/扎心/后悔,throw something over very quickly/too late to regret/Heartbreaking/to regret,Colloquial,
L240,呻笨 ,san1 ban6,0,后悔莫及/极度失望/扎心/后悔,throw something over very quickly/too late to regret/Heartbreaking/to regret,Colloquial,
L241,呻笨柒,san1 ban6 cat6,1,后悔莫及/极度失望/扎心/后悔,throw something over very quickly/too late to regret/Heartbreaking/to regret,Colloquial,
L242,蝕​底​,sik1 dai2,0,后悔莫及/极度失望/扎心/后悔,throw something over very quickly/too late to regret/Heartbreaking/to regret,Colloquial,
L243,包𢱕,baau1 gip6,0,剪刀石头布/石头剪刀布,Rock Paper Scissors,Colloquial,
L244,猜呈尋,caai1 cing4 cam4,0,剪刀石头布/石头剪刀布,Rock Paper Scissors,Colloquial,
L245,包剪𢱕,baau1 zin2 gip6,0,剪刀石头布/石头剪刀布,Rock Paper Scissors,Colloquial,
L246,𢱕背脊,gip6 bui3 zek3,0,捶背/按摩,Back massage/massage,Colloquial,
L247,按摩,on1 mo1,0,捶背/按摩,Back massage/massage,Colloquial,
L248,馬殺雞,maa5 saat3 gai1,0,捶背/按摩,Back massage/massage,Colloquial,
L249,𢱕骨,gip6 gwat1,0,捶背/按摩,Back massage/massage,Colloquial,
L250,畀人毆,bei2 jan4 au2,0,给人打/给人揍/挨揍,Beat up,Colloquial,
L251,畀人𢱕,bei2 jan4 gip6,0,给人打/给人揍/挨揍,Beat up,Colloquial,
L252,𢱕佢镬甘嘅,dap6 keoi5 wok6 gam3 ge3,0,狠狠地教训他一顿/狠狠地教训她一顿/给她点颜色看看/给他点颜色看看/给点颜色她看看/给点颜色他看看,Give her a good beating/Give him a good beating,Colloquial,
L253,𢱕佢镬劲嘅,dap6 keoi5 wok6 ging6 ge3,0,狠狠地教训他一顿/狠狠地教训她一顿/给她点颜色看看/给他点颜色看看/给点颜色她看看/给点颜色他看看,Give her a good beating/Give him a good beating,Colloquial,
L254,抌低佢,daam3 dai1 keoi5,0,抛弃他/抛弃她/放下他/放下她,Abandon him/her,Colloquial,
L255,掉低佢,diu3 dai1 keoi5,0,抛弃他/抛弃她/放下他/放下她,Abandon him/her,Colloquial,
L256,放低佢,fong3 dai1 keoi5,0,抛弃他/抛弃她/放下他/放下她,Abandon him/her,Colloquial,
L257,沙𦢊,saa1 pok3,0,大胆/胆子大/不怕死,Bold/daring/fearless/loyal/brotherhood spirit,Colloquial,
L258,吉士,gat1 si2,0,大胆/胆子大/不怕死,Bold/daring/fearless/loyal/brotherhood spirit,Colloquial,
L259,膽生毛,daam2 saang1 mou4,0,大胆/胆子大/不怕死,Bold/daring/fearless/loyal/brotherhood spirit,Colloquial,
L260,沙膽,saa1 daam2,0,大胆/胆子大/不怕死,Bold/daring/fearless/loyal/brotherhood spirit,Colloquial,
L261,夠薑,gau3 goeng1,0,大胆/胆子大/不怕死,Bold/daring/fearless/loyal/brotherhood spirit,Colloquial,
L262,未死過,mei6 sei2 gwo3,0,大胆/胆子大/不怕死,Bold/daring/fearless/loyal/brotherhood spirit,Colloquial,
L263,死字唔識寫,sei2 zi6 m4 sik1 se2,0,大胆/胆子大/不怕死,Bold/daring/fearless/loyal/brotherhood spirit,Colloquial,
L264,作死,zuk1 sei2,0,大胆/胆子大/不怕死,Bold/daring/fearless/loyal/brotherhood spirit,Colloquial,
L265,夠pok,gau3 pok3,0,大胆/胆子大/不怕死,Bold/daring/fearless/loyal/brotherhood spirit,Colloquial,
L266,夠𦢊,gau3 saa1,0,大胆/胆子大/不怕死,Bold/daring/fearless/loyal/brotherhood spirit,Colloquial,
L267,沙pok,sāa1 pok3,0,大胆/胆子大/不怕死,Bold/daring/fearless/loyal/brotherhood spirit,Colloquial,
L268,有種,jau5 zung2,0,大胆/胆子大/不怕死,Bold/daring/fearless/loyal/brotherhood spirit,Colloquial,
L269,膽大包天,daam2 daai6 baau1 tin1,0,大胆/胆子大/不怕死,Bold/daring/fearless/loyal/brotherhood spirit,Colloquial,
L270,夠雷,gau3 leoi4,0,大胆/胆子大/不怕死/够雷,Bold/daring/fearless/loyal/brotherhood spirit,Colloquial,
L271,夠雷氣,gau3 leoi4 hei3,0,大胆/胆子大/不怕死/够雷气,Bold/daring/fearless/loyal/brotherhood spirit,Colloquial,
L272,​夠義氣,gau3 ji6 hei3,0,大胆/胆子大/不怕死/够义气,Bold/daring/fearless/loyal/brotherhood spirit,Colloquial,
L273,有雷氣,jau5 leoi4 hei3,0,大胆/胆子大/不怕死/有雷气,Bold/daring/fearless/loyal/brotherhood spirit,Colloquial,
L274,有雷,jau5 leoi4,0,大胆/胆子大/不怕死/有雷,Bold/daring/fearless/loyal/brotherhood spirit,Colloquial,
L275,沙鳩膽,sāa1 gau1 daam2,1,大胆/胆子大/不怕死/沙鸠胆/沙9胆,Bold/daring/fearless/loyal/brotherhood spirit,Colloquial,
L276,未撚死過,mei6 nan2 sei2 gwo3,1,大胆/胆子大/不怕死/未len死过/未撚死过,Bold/daring/fearless/loyal/brotherhood spirit,Colloquial,
L277,幾撚夠薑,gei2 nan2 gau3 goeng1,1,大胆/胆子大/不怕死/挺有胆识/几撚够姜/几len够姜,Bold/daring/fearless/loyal/brotherhood spirit,Colloquial,
L278,幾鳩夠薑,gei2 gau1 gau3 goeng1,1,大胆/胆子大/不怕死/挺有胆识/几鸠够姜/几9够姜,Bold/daring/fearless/loyal/brotherhood spirit,Colloquial,
L279,有吉士,jau5 gāt6 si6,0,大胆/胆子大/不怕死/有胆量,Bold/daring/fearless/loyal/brotherhood spirit,Colloquial,
L280,臭閪,cau3 hai1,1,婊子/死臭閪/超high/超嗨/炒蟹/臭婊子/超hi,cunt/smelly vagina/bitch,Colloquial,
L281,閪婆,hai1 po4,1,婊子/死臭閪/超high/超嗨/炒蟹/臭婊子/超hi,cunt/smelly vagina/bitch,Colloquial,
L282,死臭閪,sei2 cau3 hai1,1,婊子/死臭閪/超high/超嗨/炒蟹/臭婊子/超hi,cunt/smelly vagina/bitch,Colloquial,
L283,死八婆,sei2 baat3 po4,0,婊子/臭三八/死八婆/八婆/臭婊子/鸡婆,cunt/smelly vagina/bitch,Colloquial,
L284,八婆,baat3 po4,0,婊子/臭三八/死八婆/八婆/臭婊子/鸡婆,meddling woman/nosy parker/cunt/smelly vagina/bitch,Colloquial,
L285,單單打打,daan1 daan1 daa2 daa2,0,阴阳怪气,to criticize implicitly/to be mischievous,Colloquial,
L286,整古作怪,zing2 gu2 zok3 gwaai3,0,阴阳怪气,to criticize implicitly/to be mischievous,Colloquial,
L287,整古做怪,zing2 gu2 zou6 gwaai3,0,阴阳怪气,to criticize implicitly/to be mischievous,Colloquial,
L288,整蠱做怪,zing2 gu2 zou6 gwaai3,0,阴阳怪气,to criticize implicitly/to be mischievous,Colloquial,
L289,單打,daan1 daa2,0,阴阳怪气,to criticize implicitly/to be mischievous,Colloquial,
L290,陰濕,jam1 sap1,0,阴阳怪气/奸诈/狡猾/阴湿,dark and moist/wicked/devious/Creepy/to be mischievous/sinister/insidious/treacherous/,Colloquial,
L291,陰險,jam1 him2,0,阴阳怪气/奸诈/狡猾/阴险,dark and moist/wicked/devious/Creepy/to be mischievous/sinister/insidious/treacherous/,Colloquial,
L292,狡猾,gaau2 waat6,0,阴阳怪气/奸诈/狡猾,dark and moist/wicked/devious/Creepy/to be mischievous/sinister/insidious/treacherous/sly/cunning/crafty,Colloquial,
L293,蠱惑,gu2 waak6,0,阴阳怪气/奸诈/狡猾/蛊惑,dark and moist/wicked/devious/Creepy/to be mischievous/sinister/insidious/treacherous/,Colloquial,
L294,圓滑, jyun4 waat6,0,阴阳怪气/奸诈/狡猾,dark and moist/wicked/devious/Creepy/to be mischievous/sinister/insidious/treacherous/,Colloquial,
L295,陰險毒辣,jam1 him2 duk6 laat6,0,阴阳怪气/奸诈/狡猾,treacherous and murderous/dark and moist/wicked/devious/Creepy/to be mischievous/sinister/insidious/treacherous/sly/cunning/crafty,Colloquial,
L296,狗,gau2,0,阴阳怪气/奸诈/狡猾,dark and moist/wicked/devious/Creepy/to be mischievous/sinister/insidious/treacherous/sly/cunning/crafty,Colloquial,
L297,含沙射影,ham4 saa1 se6 jing2,0,阴阳怪气,to criticize implicitly/to be mischievous/to scold someone indirectly/to make oblique accusations,Colloquial,
L298,指桑罵槐,zi2 song1 maa6 waai4,0,阴阳怪气/奸诈/狡猾/指桑骂槐,to scold someone indirectly/to make oblique accusations/to criticize implicitly/to be mischievous,Colloquial,
L299,嘰嘰趷趷,gi1 gi1 gat6 gat6,0,叽叽歪歪/唧唧歪歪/指手画脚/啰啰嗦嗦/啰嗦,naggy/yammering/to stammer/to stutter/to complain and criticize/to be pesky,Colloquial,
L300,指手畫腳,zi2 sau2 waak6 goek3,0,叽叽歪歪/唧唧歪歪/指手画脚/唠唠叨叨,to gesticulate/to make gestures/naggy/yammering,Colloquial,
L301,嘰趷,gi1 gat6,0,叽叽歪歪/唧唧歪歪/指手画脚/唠叨/啰嗦,naggy/yammering/to stammer/to stutter/to complain and criticize/to be pesky,Colloquial,
L302,齮齮齕齕,gi1 gi1 gat6 gat6,0,叽叽歪歪/唧唧歪歪/指手画脚/啰啰嗦嗦/啰嗦,naggy/yammering/to stammer/to stutter/to complain and criticize/to be pesky,Colloquial,
L303,吟吟沉沉,ngam4 ngam4 cam4 cam4,0,叽叽歪歪/唧唧歪歪/窃窃细语/唠唠叨叨/啰啰嗦嗦/啰嗦,muttering/naggy/yammering/to complain and criticize/to be pesky,Colloquial,
L304,行撚開,haang4 nan2 hoi1,1,走开/起开/滚/他妈的给我滚,get out of here/fuck off/get lost/get out of here/beat it/get out,Colloquial,
L305,行閪開,haang4 hai1 hoi1,1,走开/起开/滚/他妈的给我滚,get out of here/fuck off/get lost/get out of here/beat it/get out,Colloquial,
L306,行柒開,haang4 cat6 hoi1,1,走开/起开/滚/他妈的给我滚,get out of here/fuck off/get lost/get out of here/beat it/get out,Colloquial,
L307,行鳩開,haang4 gau1 hoi1,1,走开/起开/滚/他妈的给我滚,get out of here/fuck off/get lost/get out of here/beat it/get out,Colloquial,
L308,弹撚開,daan2 nan2 hoi1,1,走开/起开/滚/他妈的给我滚,get out of here/fuck off/get lost/get out of here/beat it/get out,Colloquial,
L309,弹閪開,daan2 hai1 hoi1,1,走开/起开/滚/他妈的给我滚,get out of here/fuck off/get lost/get out of here/beat it/get out,Colloquial,
L310,弹柒開,daan2 cat6  hoi1,1,走开/起开/滚/他妈的给我滚,get out of here/fuck off/get lost/get out of here/beat it/get out,Colloquial,
L311,弹鳩開,daan2 gau1  hoi1,1,走开/起开/滚/他妈的给我滚,get out of here/fuck off/get lost/get out of here/beat it/get out,Colloquial,
L312,死鳩開,sei2 gau1 hoi1,1,走开/起开/滚/他妈的给我滚,get out of here/fuck off/get lost/get out of here/beat it/get out,Colloquial,
L313,死閪開,sei2 hai1 hoi1,1,走开/起开/滚/他妈的给我滚,get out of here/fuck off/get lost/get out of here/beat it/get out,Colloquial,
L314,死柒開,sei2 cat6 hoi1,1,走开/起开/滚/他妈的给我滚,get out of here/fuck off/get lost/get out of here/beat it/get out,Colloquial,
L315,死撚開,sei2 nan2 hoi1,1,走开/起开/滚/他妈的给我滚,get out of here/fuck off/get lost/get out of here/beat it/get out,Colloquial,
L316,死埋一二邊,sei2 maai4 jat1 ji6 bin6,0,走开/起开/滚,get out of here/fuck off/get lost/get out of here/beat it/get out,Colloquial,
L317,死柒埋一邊,sei2 cat6 maai4 jat1 bin1,1,走开/起开/滚/他妈的给我滚,get out of here/fuck off/get lost/get out of here/beat it/get out,Colloquial,
L318,死閪埋一邊,sei2 hai1 maai4 jat1 bin1,1,走开/起开/滚/他妈的给我滚,get out of here/fuck off/get lost/get out of here/beat it/get out,Colloquial,
L319,死撚埋一邊,sei2 nan2 maai4 jat1 bin1,1,走开/起开/滚/他妈的给我滚,get out of here/fuck off/get lost/get out of here/beat it/get out,Colloquial,
L320,吟吟尋尋,ngam4 ngam4 cam4 cam4,0,叽叽歪歪/唧唧歪歪/窃窃细语/唠唠叨叨,muttering/naggy/yammering/to complain and criticize/to be pesky,Colloquial,
L321,依依鵝鵝,ji4 ji1 ngo4 ngo4,0,叽叽歪歪/唧唧歪歪/窃窃细语/唠唠叨叨/依依哦哦,muttering/naggy/yammering/to complain and criticize/to be pesky,Colloquial,
L322,咦咿𠹷𠹷,ji4 ji1 ngo4 ngo4,0,叽叽歪歪/唧唧歪歪/窃窃细语/唠唠叨叨/依依哦哦,muttering/naggy/yammering/to complain and criticize/to be pesky,Colloquial,
L323,咦咦哦哦,ji4 ji1 ngo4 ngo4,0,叽叽歪歪/唧唧歪歪/窃窃细语/唠唠叨叨/依依哦哦,muttering/naggy/yammering/to complain and criticize/to be pesky,Colloquial,
L324,咿咿𠹷𠹷,ji4 ji1 ngo4 ngo4,0,叽叽歪歪/唧唧歪歪/窃窃细语/唠唠叨叨/依依哦哦,muttering/naggy/yammering/to complain and criticize/to be pesky,Colloquial,
L325,點极唔明,dim2 gik6 m4 ming4,0,思想不开通/吃古不化/怎么说都说不明白,narrow minded/conservatives/fuddy duddy/dogged/stubborn/obstinate,Colloquial,
L326,講极唔通,gong2 gik6 m4 tung1,0,思想不开通/吃古不化/怎么说都说不明白,narrow minded/conservatives/fuddy duddy/dogged/stubborn/obstinate,Colloquial,
L327,點撚樣行,dim2 nan2 joeng6 haang4,1,怎么去/怎样去/怎么走/点鬼样行,how to get there,Colloquial,
L328,點撚行,dim2 nan2 haang4,1,怎么去/怎样去/怎么走/点鬼样行,how to get there,Colloquial,
L329,點柒樣行,dim2 cat6 joeng6 haang4,1,怎么去/怎样去/怎么走/点鬼样行,how to get there,Colloquial,
L330,點柒行,dim2 cat6 haang4,1,怎么去/怎样去/怎么走/点鬼样行,how to get there,Colloquial,
L331,點鳩樣行,dim2 gau1 joeng6 haang4,1,怎么去/怎样去/怎么走/点鬼样行,how to get there,Colloquial,
L332,點閪樣行,dim2 hai1 joeng6 haang4,1,怎么去/怎样去/怎么走/点鬼样行,how to get there,Colloquial,
L333,硬鳩頸,ngaang6 gau1 geng2,1,思想不开通/吃古不化/硬颈,narrow minded/conservatives/fuddy duddy/dogged/stubborn/obstinate,Colloquial,
L334,咁柒硬頸,gam3 cat6 ngaang6 geng2,1,思想不开通/吃古不化/硬颈,narrow minded/conservatives/fuddy duddy/dogged/stubborn/obstinate,Colloquial,
L335,咁撚硬頸,gam2 nan2 ngaang6 geng2,1,思想不开通/吃古不化/硬颈,narrow minded/conservatives/fuddy duddy/dogged/stubborn/obstinate,Colloquial,
L336,咁閪硬頸,gam2 hai1 ngaang6 geng2,1,思想不开通/吃古不化/硬颈,narrow minded/conservatives/fuddy duddy/dogged/stubborn/obstinate,Colloquial,
L337,咁鳩硬頸,gam2 gau1 ngaang6 geng2,1,思想不开通/吃古不化/硬颈,narrow minded/conservatives/fuddy duddy/dogged/stubborn/obstinate,Colloquial,
L338,𠸎㨢,na1 neng3,0,连结/瓜葛/关系,linkage/unresolved matters/relation/association,Colloquial,
L339,啦掕,aa1 lang3,0,连结/瓜葛/关系,linkage/unresolved matters/relation/association,Colloquial,
L340,挐掕,aa1 lang4,0,连结/瓜葛/关系,linkage/unresolved matters/relation/association,Colloquial,
L341,啦㨢,aa1 lang5,0,连结/瓜葛/关系,linkage/unresolved matters/relation/association,Colloquial,
L342,冇挐冇掕,mou5 naa1 mou5 nang3,0,毫无关系/没有任何瓜葛,completely unrelated,Colloquial,
L343,瓜葛,gwaa1 got3,0,连结/瓜葛/关系,linkage/unresolved matters/relation/association,Formal,
L344,咁撚着數？,gam2 nan2 zoek6 sou3,1,沒有免費的午餐/天上不会掉馅饼,too good to be true/It's not that simple/something too good to be true/There is no free lunch,Colloquial,ask
L345,咁柒着數？,gam2 cat6 zoek6 sou3,1,沒有免費的午餐/天上不会掉馅饼,too good to be true/It's not that simple/something too good to be true/There is no free lunch,Colloquial,ask
L346,猜FING,caai1 FING,0,剪刀石头布/石头剪刀布,Rock Paper Scissors,Colloquial,
L347,黑水,hak1 seoi2,0,咖啡,coffee/cafe,Colloquial,
L348,廢水 ,fai3 seoi2,0,饮料,drinks/drinkable,Colloquial,
L349,忽飯,fat1 faan6,0,盛饭,to fill a bowl with rice,Colloquial,
L350,裝飯,zong1 faan6,0,盛饭,to fill a bowl with rice,Colloquial,
L351,潷飯,bat1 faan6,0,盛饭,to fill a bowl with rice,Colloquial,
L352,歌度,go1 dou6,0,那里/那,there,Colloquial,
L353,嗰度,go2 dou6,0,那里/那,there,Colloquial,
L354,唔濕你,m4 sap1 nei5,0,不理你,Ignoring you,Colloquial,
L355,唔睬你,m4 coi2 nei5,0,不理你,Ignoring you,Colloquial,
L356,班房,baan1 fong4,0,课室,class,Colloquial,
L357,吖sir,aa4 soe4,0,男老师/男警官,male teacher/sir,Colloquial,
L358,miss,miss,0,女老师,miss/female teacher,Colloquial,
L359,吖蛇,aa4 se4,0,男老师/男警官,male teacher/sir,Colloquial,
L360,嚼完倯,ziu6 jyun4 sung1,0,占完便宜就走/赵元松/偷偷占便宜/吃了就跑/占便宜/白嫖,to not take any responsibility after exploiting others for self-interest/especially referring to abandoning somebody after having sex with him//especially referring to abandoning somebody after having sex with her/to not take any responsibility/to use and dump,Colloquial,
L361,中出即飛,zung1 ceot1 zik1 fei1,0,占完便宜就走/赵元松/偷偷占便宜/吃了就跑/占便宜/白嫖,to not take any responsibility after exploiting others for self-interest/especially referring to abandoning somebody after having sex with him//especially referring to abandoning somebody after having sex with her/to not take any responsibility/to use and dump,Formal,
L362,𡁻完鬆,ziu6 jyun4 sung1,0,占完便宜就走/赵元松/偷偷占便宜/吃了就跑/占便宜/白嫖,to not take any responsibility after exploiting others for self-interest/especially referring to abandoning somebody after having sex with him//especially referring to abandoning somebody after having sex with her/to not take any responsibility/to use and dump,Colloquial,
L363,過橋抽板,gwo3 kiu4 cau1 baan2,0,占完便宜就走/赵元松/偷偷占便宜/吃了就跑/占便宜/白嫖,to not take any responsibility after exploiting others for self-interest/especially referring to abandoning somebody after having sex with him//especially referring to abandoning somebody after having sex with her/to not take any responsibility/to use and dump,Slang,
L364,打完齋唔要和尚,daa2 jyun4 zaai1 m4 jiu3 wo4 soeng2,0,占完便宜就走/赵元松/偷偷占便宜/吃了就跑/占便宜/白嫖,to not take any responsibility after exploiting others for self-interest/especially referring to abandoning somebody after having sex with him//especially referring to abandoning somebody after having sex with her/to not take any responsibility/to use and dump,Slang,
L365,過河拆橋,gwo3 ho4 caak3 kiu4,0,占完便宜就走/赵元松/偷偷占便宜/吃了就跑/占便宜/过河拆桥/白嫖,to not take any responsibility after exploiting others for self-interest/especially referring to abandoning somebody after having sex with him//especially referring to abandoning somebody after having sex with her/to not take any responsibility/to use and dump,Formal,
L366,過河抽板,gwo3 ho4 cau1 baan2,0,占完便宜就走/赵元松/偷偷占便宜/吃了就跑/占便宜/白嫖,to not take any responsibility after exploiting others for self-interest/especially referring to abandoning somebody after having sex with him//especially referring to abandoning somebody after having sex with her/to not take any responsibility/to use and dump,Formal,
L367,呃蝦條,ak1 haa1 tiu2,0,占完便宜就走/赵元松/偷偷占便宜/吃了就跑/占便宜/白嫖,to not take any responsibility after exploiting others for self-interest/especially referring to abandoning somebody after having sex with him//especially referring to abandoning somebody after having sex with her/to not take any responsibility/to use and dump,Colloquial,
L368,呃閪屌,ak1 hai1 tiu2,1,占完便宜就走/赵元松/偷偷占便宜/吃了就跑/占便宜/白嫖,to not take any responsibility after exploiting others for self-interest/especially referring to abandoning somebody after having sex with him//especially referring to abandoning somebody after having sex with her/to not take any responsibility/to use and dump,Colloquial,
L369,𡁻完唱,ziu6 jyun4 coeng3,0,占完便宜还到处诋毁/占便宜/白嫖,to not take any responsibility after exploiting others for self-interest/especially referring to abandoning somebody after having sex with him//especially referring to abandoning somebody after having sex with her/to not take any responsibility/to use and dump,Colloquial,
L370,𡁻完踩,ziu6 jyun4 jaai2,0,占完便宜还到处诋毁/占便宜/白嫖,to not take any responsibility after exploiting others for self-interest/especially referring to abandoning somebody after having sex with him//especially referring to abandoning somebody after having sex with her/to not take any responsibility/to use and dump,Colloquial,
L371,搞掂,gaau2 dim6,0,完成/搞定,finish/complete,Colloquial,
L372,好犀利,hou2 sai1 lei6,0,很厉害/好厉害/猴犀利/好犀利,awesome,Colloquial,
L373,收皮,sau1 pei4,0,闭嘴/完蛋/省省吧/别吵/不要吵/别烦/不要闹/玩完/滚开/滚蛋/闭嘴/住口,Shut up/It's over/Save it/Don't argue/Don't bother/Don't make a fuss/It's over/Get lost/Piss off/Knock it off,Colloquial,
L374,唔該,m4 goi1,0,谢谢/麻烦借过,please/thanks/excuse me,Colloquial,
L375,烏搲,wu1 we2,0,不整洁/不修边幅/不打扮/邋遢/没仪容,ugly/in bad shape,Colloquial,
L376,複灼 ,fuk1 coek3,0,报仇/复仇,go back again/fight back/revenge,Colloquial,
L377,覆卓,fuk1 coek3,0,报仇/复仇,go back again/fight back/revenge,Colloquial,
L378,翻啅,faan1 coek1,0,一次又一次/同一件事再做一次/再来一次,eat again/again,Colloquial,
L379,牛鬼蛇神,ngau4 gwat1 se4 san4,0,草台班子,rabbles/political heretics/extra,Colloquial,
L380,沙哩弄銃,aa4 li1 lung6 cung6,0,草台班子/搞搞震/粗心大意/鲁莽,rabbles/political heretics/messy/careless/sloppy,Colloquial,
L381,茄哩啡,ke1 le1 fe1,0,草台班子/临死演员/路人甲/跑龙套,rabbles/political heretics/extra/unimportant person/two hit six,Colloquial,
L382,二打六,ji6 daa2 luk2,0,草台班子/临死演员/路人甲/跑龙套,rabbles/political heretics/extra/unimportant person/two hit six,Colloquial,
L383,臨記,lam4 gei3,0,草台班子/临死演员/路人甲/跑龙套,rabbles/political heretics/extra/unimportant person/two hit six,Colloquial,
L384,跑龍套,paau2 lung4 tou3,0,草台班子/临死演员/路人甲/跑龙套,rabbles/political heretics/extra/unimportant person/two hit six,Formal,
L385,卡啦蘇,kaa4 laa1 sou1,0,草台班子/临死演员/路人甲/跑龙套,rabbles/political heretics/extra/unimportant person/two hit six,Colloquial,
L386,一班蛋饊,jat1 baan1 daan6 saan2,0,草台班子/临死演员/路人甲/一群跑龙套,rabbles/political heretics/extra/unimportant person/two hit six,Colloquial,
L387,成班粉腸,sing4 baan1 fan2 coeng4,0,草台班子/临死演员/路人甲/一群跑龙套,rabbles/political heretics/extra/unimportant person/two hit six,Colloquial,
L388,成班契弟,sing4 baan1 kai3 dai6,0,草台班子/临死演员/路人甲/一群跑龙套,rabbles/political heretics/extra/unimportant person/two hit six,Colloquial,
L389,指教下,zi2 gaau3 haa5,0,指点一下/提点一下,Give him/her some pointers,Colloquial,
L390,指點下,zi2 dim2 haa5,0,指点一下/提点一下,Give him/her some pointers,Colloquial,
L391,呃鬼食豆腐,ngaak1 gwai2 sik6 dau6 fu6,0,当我是傻子/你当我好骗吗/欺骗/吹嘘/吹牛/忽悠,to lie to a ghost to eat tofu/do you think I'm easy to fool/to fool/to lie/lie/boasting,Slang,
L392,车大炮,ce1 daai6 paau3 ,0,欺骗/车大炮/吹嘘/吹牛, to brag/to boast/to fool/to talk bullshit/talk bullshit/to lie/lie/to boast/boast/boasting,Colloquial,
L393,呃鬼食道符,ngaak1 gwai2 sik6 dou6 fu4,0,当我是傻子/你当我好骗吗/欺骗/吹嘘/吹牛,to lie to a ghost to eat tofu/do you think I'm easy to fool/to fool/to lie/lie/boast/boasting,Slang,
L394,呃鬼啦你,ngaak1 gwai2 laa1 nei5,0,当我是傻子/你当我好骗吗/欺骗/吹嘘/吹牛, to brag/to boast/to fool/to talk bullshit/talk bullshit/to lie/lie/to boast/boast/boasting/banana oil,Colloquial,
L395,吹水唔抹咀,ceoi1 seoi2 m4 maat3 zeoi2 ,0,欺骗/吹水唔抹嘴/吹水5抹嘴/吹嘘/吹牛,to talk bullshit/talk bullshit/to lie/lie/to tell big lies/to boast/boast/boasting/banana oil,Colloquial,
L396,吹噓,ceoi1 heoi1,0,吹牛/乱说话/胡扯/瞎扯/说谎/胡说八道/吹嘘/胡扯/瞎扯/欺骗/撒谎/瞎编,to brag/brag/to talk bullshit/talk bullshit/boast/boasting,Colloquial,
L397,亂咁噏,lyun6 gam3 ap1,0,乱说话/胡扯/瞎扯/说谎/胡说八道/吹嘘/胡扯/瞎扯/欺骗/撒谎/瞎编,talking nonsense/spouting rubbish/boasting/banana oil,Colloquial,
L398,作大,zok3 daai6,0,胡扯/瞎扯/说谎/胡说八道/吹嘘/胡扯/瞎扯/欺骗/撒谎/瞎编,to talk bullshit/to lie/lie/to tell big lies/to boast/boasting/to exaggerate/to overstate/overstate/exaggerate/bluffing,Colloquial,
L399,老作,lou5 zok3,0,胡扯/瞎扯/说谎/胡说八道/吹嘘/胡扯/瞎扯/欺骗/撒谎/瞎编,to talk bullshit/to lie/lie/to tell big lies/to boast/boasting/faking/make up to invent,Colloquial,
L400,講大話,gong2 daai6 waa6,0,说谎/胡说八道/吹嘘/胡扯/瞎扯/欺骗/撒谎/瞎编,to talk bullshit/to lie/lie/to tell big lies/to boast/Boasting/fib/to fib/banana oil,Formal,
L401,認叻,jing6 lek1,0,耍帅/认叻/炫耀/装聪明/吹嘘/逞强/小聪明/自作聪明/故作聪明/骄傲自大, to brag about/to crow over/show off/brag about/show off/to boast/boasting,Colloquial,
L402,亂噏廿四,lyun6 ap1 jaa6 sei3,0,乱说话/胡说八道/吹嘘/乱up24/胡扯/瞎扯,Talking nonsense/Spouting rubbish /boasting/banana oil,Slang,
L403,吹水,ceoi1 seoi2,0,欺骗/吹水唔抹嘴/吹水5抹嘴/吹嘘/吹牛,to talk bullshit/talk bullshit/to lie/lie/to tell big lies/to boast/boast/boasting/bluffing/banana oil,Colloquial,
L404,吹牛屄,ceoi1 ngau4 hai1,1,吹牛/吹嘘/吹牛逼/吹牛B,to talk bullshit/talk bullshit/to lie/lie/to tell big lies/to boast/boast/boasting/bluffing,Colloquial,
L405,讕叻,laan2 lek1,0,装酷/耍酷/耍帅/认叻/炫耀/吹嘘/逞强 ,to brag about/to crow over/show off/brag about/show off/to boast/boasting,Colloquial,
L406,讕型,laan2 jing4,0,装酷/耍酷/耍帅/认叻/炫耀/卖弄/吹嘘/逞强/装逼/装B/装,to brag about/show off/brag about/show off/boasting/acting cool,Colloquial,
L407,讕大方,laan2 daai6 fong1,0,不必要地表现出慷慨/貌似很大方/假装慷慨,to pretend to be generous/pretend to be generous,Colloquial,
L408,認鳩叻,jing6 gau1 lek1,1,耍帅/认叻/炫耀/卖弄/吹嘘/逞强,to brag about/to crow over/show off/brag about/show off/to boast/boasting,Colloquial,
L409,呃人,ngaak1 jan4,0,说谎/骗人/吹嘘/胡扯/瞎扯/欺骗/撒谎/忽悠,to mislead someone deliberately/lying/deceiving/boasting/talking nonsense/blathering/cheating/telling lies/to lie/lie,Colloquial,
L410,放葫蘆,fong3 wu4 lou4,0,说谎/骗人/吹嘘/胡扯/瞎扯/欺骗/撒谎/放葫芦,lying/deceiving/boasting/talking nonsense/blathering/cheating/telling lies/to lie/lie/bluffing,Colloquial,
L411,吹大咗,ceoi1 daai6 zo2,0,胡扯/瞎扯/说谎/胡说八道/吹嘘/胡扯/瞎扯/欺骗/撒谎/瞎编,to talk bullshit/to lie/lie/to tell big lies/to boast/boasting/to exaggerate/to overstate/overstate/exaggerate/bluffing,Colloquial,
L412,讕正經,laan2 zing3 ging1,0,假正经/故作正经/装逼/装B/装,act decent/feigning seriousness/pretending to be serious,Colloquial,
L413,扮嗮嘢,baan6 saai3 je5,0,假正经/故作正经/装逼/装B/装,act decent/feigning seriousness/pretending to be serious,Colloquial,
L414,扮鳩嗮嘢,baan6 gau1 ai3 je5,1,假正经/故作正经/装逼/装B/装,act decent/feigning seriousness/pretending to be serious,Colloquial,
L415,扮柒嗮嘢,baan6 cat6 ai3 je5,1,假正经/故作正经/装逼/装B/装,act decent/feigning seriousness/pretending to be serious,Colloquial,
L416,扮撚嗮嘢,baan6 nan2 ai3 je5,1,假正经/故作正经/装逼/装B/装,act decent/feigning seriousness/pretending to be serious,Colloquial,
L417,扮閪嗮嘢,baan6 hai1 ai3 je5,1,假正经/故作正经/装逼/装B/装,act decent/feigning seriousness/pretending to be serious,Colloquial,
L418,扮Q嗮嘢,baan6 Q saai3 je5,0,假正经/故作正经/装逼/装B/装,act decent/feigning seriousness/pretending to be serious,Colloquial,
L419,讕架勢,laan2 gaa3 sai3,0,装酷/耍酷/耍帅/认叻/炫耀/卖弄/吹嘘/逞强 ,to brag about/to crow over/show off/brag about/show off/to boast/boasting/boast,Colloquial,
L420,充排場,cung1 paai4 coeng2,0,装酷/耍酷/耍帅/认叻/炫耀/卖弄/吹嘘/逞强 ,to brag about/to crow over/show off/brag about/show off/to boast/boasting/boast,Colloquial,
L421,不自量力,bat1 zi6 loeng6 lik6,0,装酷/耍酷/耍帅/认叻/炫耀/卖弄/吹嘘/逞强 ,to brag about/to crow over/show off/brag about/show off/to boast/boasting/boast,Formal,
L422,不鳩自量力,bat1 gau1 zi6 loeng6 lik6,1,装酷/耍酷/耍帅/认叻/炫耀/卖弄/吹嘘/逞强 ,to brag about/to crow over/show off/brag about/show off/to boast/boasting/boast,Colloquial,
L423,讕熟落,laan2 suk6 lok6,0,装友好/装熟/虚伪/假装友好,to pretend to be well-acquainted with someone/Pretending to be familiar,Colloquial,
L424,讕熟,laan2 suk6 ,0,装友好/装熟/虚伪/假装友好,to pretend to be well-acquainted with someone/Pretending to be familiar,Colloquial,
L425,讕閪熟,laan2 hai1 suk6 ,1,装友好/装熟/虚伪/假装友好,to pretend to be well-acquainted with someone/Pretending to be familiar,Colloquial,
L426,讕閪唔熟噉,laan2 hai1 m4 suk6 gam2,1,装不熟/装不认识/假装不认识/假装不熟,pretending not to know each other/pretending not to admit defeat,Colloquial,
L427,讕客氣,aan2 haak3 hei3,0,假装客气/装客气/虚伪/假客气,pretending to be polite/feigning politeness/insincere politeness/false politeness,Colloquial,
L428,讕醒,laan2 sing2,0,耍帅/认叻/炫耀/装聪明/吹嘘/逞强/小聪明/自作聪明/故作聪明/骄傲自大/懒醒, to brag about/to crow over/show off/brag about/show off/to boast/boasting/to pretend to be smart,Colloquial,
L429,讕鳩醒噉,laan2 gau1 sing2 gam2,1,耍帅/认叻/炫耀/装聪明/吹嘘/逞强/小聪明/自作聪明/故作聪明/骄傲自大/懒醒, to brag about/to crow over/show off/brag about/show off/to boast/boasting/to pretend to be smart,Colloquial,
L430,讕神秘,laan2 san4 bei3,0,故作神秘,To act mysteriously,Colloquial,
L431,響度,hoeng2 dou6 ,0,在这/在这里/在场/存在/响到,here/there/present/existing,Colloquial,
L432,呢度,nei4 dou6,0,在这/在这里/在场/存在/响到,here/there/present/existing,Colloquial,
L433,喺度,hai2 dou6,0,在这/在这里/在场/存在/响到,here/there/present/existing,Colloquial,
L434,響嗰度,hoeng2 go2 dou6,0,在那里/在那,there,Colloquial,
L435,喺嗰度,hai2 go2 dou6,0,在那里/在那,there,Colloquial,
L436,響撚,hai2 nan2,1,在这个屁/在这里个屁/在场个屁/存在个屁/响到,here/there/present/existing/In this damn place,Colloquial,
L437,響閪,hai2 hai1,1,在这个屁/在这里个屁/在场个屁/存在个屁/响到,here/there/present/existing/In this damn place,Colloquial,
L438,響鳩,hai2 gau1 hai1,1,在这个屁/在这里个屁/在场个屁/存在个屁/响到,here/there/present/existing/In this damn place,Colloquial,
L439,喺閪嗰度,hai2 hai1 go2 dou6,1,在那里哪有/在那哪有,there/where is it,Colloquial,
L440,燶,nung1,0,脸色难看/卖相难看/烧焦/焦了/煳了/㶶/黑脸/脸很臭/臭着脸/不高兴/板着脸/拉长着脸,to burn/to scorch/burnt/charred/drastic drop in stock market/pull a long face/to look angry/unhappy,Colloquial,
L441,燶起塊臉,nung1 hei2 faai3 min6,0,脸色难看/黑脸/脸很臭/臭着脸/不高兴/板着脸/拉长着脸,pull a long face/to look angry/unhappy,Colloquial,
L442,黑起塊臉,hak1 hei2 faai3 min6,0,脸色难看/黑脸/脸很臭/臭着脸/不高兴/板着脸/拉长着脸,pull a long face/to look angry/unhappy,Colloquial,
L443,燶口燶面,nung1 hau2 nung1 min6,0,脸色难看/黑脸/脸很臭/臭着脸/不高兴/板着脸/拉长着脸,pull a long face/to look angry/unhappy,Colloquial,
L444,黑口黑面,hak1 hau2 hak1 min6,0,脸色难看/黑脸/脸很臭/臭着脸/不高兴/板着脸/拉长着脸,pull a long face/to look angry/unhappy,Colloquial,
L445,賤格,zin6 gaak3,0,缺德/卑鄙/贱,despicable/contemptible/vile/mean/cheap/cheap person,Colloquial,curse
L446,衰格,seoi1 gaak3,0,缺德/卑鄙/贱,despicable/contemptible/vile/mean/cheap/cheap person,Colloquial,curse
L447,衰衰格格,seoi1 seoi1 gaak3 gaak3,0,缺德/卑鄙/贱,despicable/contemptible/vile/mean/cheap/cheap person,Colloquial,curse
L448,賤賤格格,zin6 zin6 gaak3 gaak3,0,缺德/卑鄙/贱,despicable/contemptible/vile/mean/cheap/cheap person,Colloquial,curse
L449,賤內,zin6 noi6,0,妻子,my wife/wife/bitch,Slang,curse
L450,賤,zin6,0,缺德/卑鄙/贱,despicable/contemptible/vile/mean/cheap/cheap person,Colloquial,curse
L451,賤閪,zin6 hai1,1,贱女人/婊子/臭婊子,fucking cunt/cunt/bitch/cheap person,Colloquial,curse
L452,賤格佬,zin6 gaak3 lou2,0,臭男人/贱人/贱男人/贱男,scumbag/cheap man/cheap person,Colloquial,curse
L453,賤人,zin6 jan4,0,贱人,scumbag/cheap person,Colloquial,curse
L454,側側膊 ,zak1 zak1 bok3,0,推卸责任/蒙混过关/得过且过/偷懒,shirking responsibility,Colloquial,
L455,推卸責任,teoi1 se3 zaak3 jam6,0,推卸责任/蒙混过关/得过且过/偷懒,shirking responsibility,Colloquial,
L456,搏懵,bok3 mung2,0,占便宜/浑水摸鱼/调戏妇女/性骚扰/剥削/推卸责任/蒙混过关/得过且过/偷懒,shirking responsibility/scrounge/to make use of/to exploit/make use of/Harassing women/sexual harassment,Slang,
L457,得過且過,dak1 gwo3 ce2 gwo3,0,推卸责任/蒙混过关/得过且过/偷懒,shirking responsibility,Colloquial,
L458,壽頭,sau6 tau4,0,蠢人/低能者/韭菜本尊/韭菜/傻子,blockhead/nitwit/fool/diot/silly person/a moron/moron/a nitwit,Colloquial,curse
L459,蠢材,ceon2 coi4,0,蠢人/低能者/韭菜本尊/韭菜/傻子,blockhead/nitwit/fool/diot/silly person/a moron/moron/a nitwit/idiot/silly,Colloquial,curse
L460,低能仔,dai1 nang4 zai2,0,蠢人/低能者/韭菜本尊/韭菜/傻子,a big sweet potato/a clumsy idiot/dumb/stupid/literally 'pig-brained'/a dupe/a patsy/an easy mark/a chump/kid/kiddo/blockhead/nitwit/fool/diot/silly person/a moron/a nitwit/idiot/retarded/ idiotic,Colloquial,curse
L461,大番薯,daai6 faan1 syu2,0,蠢人/低能者/韭菜本尊/韭菜/傻子/笨蛋/蠢货,a big sweet potato/a clumsy idiot/dumb/stupid/literally 'pig-brained'/a dupe/a patsy/an easy mark/a chump/kid/kiddo/blockhead/nitwit/fool/diot/silly person/a moron/a nitwit/idiot/retarded/idiotic/stupid person/a fool/an idiot/fool/a stupid person,Slang,curse
L462,人頭豬腦,jan4 tau4 zyu1 nou5,0,蠢人/低能者/韭菜本尊/韭菜/傻子,a big sweet potato/a clumsy idiot/dumb/stupid/literally 'pig-brained'/a dupe/a patsy/an easy mark/a chump/kid/kiddo/blockhead/nitwit/fool/diot/silly person/a moron/a nitwit/idiot/retarded/ idiotic,Slang,curse
L463,烚熟狗頭,saap6 suk6 gau2 tau4,0,蠢人/低能者/韭菜本尊/韭菜/傻子,a big sweet potato/a clumsy idiot/dumb/stupid/literally 'pig-brained'/a dupe/a patsy/an easy mark/a chump/kid/kiddo/blockhead/nitwit/fool/diot/silly person/a moron/a nitwit/idiot/retarded/ idiotic,Colloquial,curse
L464,水鱼,seoi2 jyu2,0,蠢人/低能者/韭菜本尊/韭菜/傻子,a dupe/a patsy/an easy mark/a chump/kid/kiddo/blockhead/nitwit/fool/diot/silly person/a moron/a nitwit/idiot/retarded,Slang,curse
L465,傻仔,so4 zi2,0,蠢人/低能者/韭菜本尊/韭菜/傻子,kid/kiddo/blockhead/nitwit/fool/diot/silly person/a moron/a nitwit/idiot/retarded/silly,Colloquial,curse
L466,弱智,joek6 zi3,0,蠢人/低能者/韭菜本尊/韭菜/傻子/弱智,blockhead/nitwit/fool/diot/silly person/a moron/a nitwit/idiot/retarded/silly,Colloquial,curse
L467,跟住落嚟,gan1 zyu6 lok6 lai4,0,接下来,next,Colloquial,curse
L468,傻閪,so4 hai1,1,傻叼/愚蠢的人/sb/傻瓜/沙雕/傻叉/神经病,idiot/Stupid/tosser/fucking idiot/dumbass/asshole/asshole/piece of shit/stupid cunt/dumb cunt/twat/wanker/dickhead,Colloquial,curse
L469,傻仔,so4 zai2,0,傻叼/愚蠢的人/sb/傻瓜/沙雕/傻叉/神经病,idiot/Stupid/tosser/fucking idiot/dumbass/asshole/asshole/piece of shit/stupid cunt/dumb cunt/twat/wanker/dickhead/silly,Colloquial,curse
L470,撲街仔,puk1 gaai1 zai2,0,死小子/孙子/臭小子/混蛋/王八蛋/反贼/反骨/讨厌的人/叛徒/白眼狼/忘恩负义/因将仇报,Bastard/Asshole/shithead/traitor/betrayer,Colloquial,curse
L471,傻佬,so4 lou2,0,傻叼/愚蠢的人/sb/傻瓜/沙雕/傻叉/神经病,idiot/Stupid/tosser/fucking idiot/dumbass/asshole/asshole/piece of shit/stupid cunt/dumb cunt/twat/wanker/dickhead,Colloquial,curse
L472,蒸生瓜,zing1 saang1 gwaa1,0,傻叼/愚蠢的人/sb/傻瓜/沙雕/傻叉/神经病,idiot/Stupid/tosser/fucking idiot/dumbass/asshole/asshole/piece of shit/stupid cunt/dumb cunt/twat/wanker/dickhead,Colloquial,curse
L473,傻傻閪閪,so4 so4 hai1 hai1,1,傻叼/愚蠢的人/sb/傻瓜/沙雕/傻叉/神经病,idiot/Stupid/tosser/fucking idiot/dumbass/asshole/asshole/piece of shit/stupid cunt/dumb cunt/twat/wanker/dickhead,Colloquial,curse
L474,傻鳩,so4 gau1,1,傻叼/愚蠢的人/sb/傻瓜/沙雕/傻叉/神经病,idiot/Stupid/tosser/fucking idiot/dumbass/asshole/asshole/piece of shit/stupid cunt/dumb cunt/twat/wanker/dickhead/silly,Colloquial,curse
L475,老襯,lou5 can3,0,容易上当受骗的人/冤大头/割韭菜/韭菜/替罪羊/替罪羔羊,milking me dry/fleecing us/a patsy/a chump/soft shell turtle ,Slang,curse
L476,俾人揾笨,bei2 jan4 wan2 ban6,0,容易上当受骗的人/冤大头/割韭菜/韭菜/替罪羊/替罪羔羊/被忽悠,milking me dry/fleecing us/a patsy/a chump/soft shell turtle ,Colloquial,curse
L477,契爷,kai3 je4,0,容易上当受骗的人/冤大头/割韭菜/韭菜/替罪羊/替罪羔羊,milking me dry/fleecing us/a patsy/a chump/soft shell turtle ,Colloquial,curse
L478,揾笨,wan2 ban6,0,容易上当受骗的人/冤大头/割韭菜/韭菜/替罪羊/替罪羔羊/骗/欺骗/忽悠,milking me dry/fleecing us/a chump/soft shell turtle /cheat/to cheat/to trick/trick/deceive/lie/cheat/to swindle/chouse,Colloquial,curse
L479,揾笨柒,wan2 ban6 cat6,1,容易上当受骗的人/冤大头/割韭菜/韭菜/替罪羊/替罪羔羊/骗/欺骗/忽悠,milking me dry/fleecing us/a chump/soft shell turtle /cheat/to cheat/to trick/trick/deceive/lie/cheat/to swindle/chouse,Colloquial,curse
L480,撚​樣,nan2 joeng6,1,容易上当受骗的人/冤大头/割韭菜/韭菜/替罪羊/替罪羔羊,milking me dry/fleecing us/a patsy/a chump/soft shell turtle ,Colloquial,curse
L481,戆撚,gong6 nan2,1,容易上当受骗的人/冤大头/割韭菜/韭菜/替罪羊/替罪羔羊,milking me dry/fleecing us/a patsy/a chump/soft shell turtle ,Colloquial,curse
L482,傻到冇朋友,so4 dou3 mou5 pang4 jau5,0,笨到极致/傻到一个点/沙雕/傻叉,boneheaded ,Colloquial,curse
L483,傻到笑,so4 dou3 siu3,0,笨到极致/傻到一个点/沙雕/傻叉,boneheaded ,Colloquial,curse
L484,傻度驚,so4 dou6 ging1,0,笨到极致/傻到一个点/沙雕/傻叉,boneheaded ,Colloquial,curse
L485,傻撚到哩,so4 nan2 dou3 lei1,1,笨到极致/傻到一个点/沙雕/傻叉,boneheaded ,Colloquial,curse
L486,傻到閪噉,so4 dou3 hai1 gam2,1,笨到极致/傻到一个点/沙雕/傻叉,boneheaded ,Colloquial,curse
L487,戇鳩,gong6 gau1,1,呆萌/傻乎乎/呆呆的/沙雕/傻叉/傻里傻气,dunce/Stupid dick/dumbass/stupid/on9/dumb/silly,Colloquial,curse
L488,戇戇鳩鳩,gong6 gong6 gau1 gau1,1,呆萌/傻乎乎/呆呆的/沙雕/傻叉/傻里傻气,dunce/Stupid dick/dumbass/stupid/on9/dumb/silly,Colloquial,curse
L489,戇鳩鳩,gong6 gau1 gau1,1,呆萌/傻乎乎/呆呆的/沙雕/傻叉/傻里傻气,dunce/Stupid dick/dumbass/stupid/on9/dumb/silly,Colloquial,curse
L490,戇直,gong6 zik6,0,呆萌/傻乎乎/呆呆的/沙雕/傻叉/傻里傻气,dunce/Stupid dick/dumbass/stupid/on9/dumb/silly,Colloquial,curse
L491,戇居,gong6 geoi1,0,呆萌/傻乎乎/呆呆的/沙雕/傻叉/傻里傻气,dunce/Stupid dick/dumbass/stupid/on9/dumb/silly,Colloquial,curse
L492,戇居居,gong6 geoi1 geoi1,0,呆萌/傻乎乎/呆呆的/沙雕/傻叉/傻里傻气,dunce/Stupid dick/dumbass/stupid/on9/dumb/silly,Colloquial,curse
L493,傻更更,so4 gang1 gang1,0,呆萌/傻乎乎/呆呆的/沙雕/傻叉/傻里傻气,dunce/Stupid dick/dumbass/stupid/on9/dumb/silly,Colloquial,curse
L494,傻傻更更,so4 so4 gang1 gang1,0,呆萌/傻乎乎/呆呆的/沙雕/傻叉/傻里傻气,dunce/Stupid dick/dumbass/stupid/on9/dumb/silly,Colloquial,curse
L495,戇戇居居,gong6 gong6 geoi1 geoi1,0,呆萌/傻乎乎/呆呆的/沙雕/傻叉/傻里傻气,dunce/Stupid dick/dumbass/stupid/on9/dumb/silly,Colloquial,curse
L496,傻傻哋,so4 so4 dei6,0,呆萌/傻乎乎/呆呆的/沙雕/傻叉/傻里傻气,dunce/Stupid dick/dumbass/stupid/on9/dumb/silly,Formal,curse
L497,懵盛盛,mung2 sing6 sing6,0,呆萌/傻乎乎/呆呆的/沙雕/傻叉/傻里傻气,dunce/Stupid dick/dumbass/stupid/on9/dumb/silly,Colloquial,curse
L498,木契,muk6 kai3,0,呆萌/傻乎乎/呆呆的/沙雕/傻叉/傻里傻气,dunce/Stupid dick/dumbass/stupid/on9/dumb/silly,Slang,curse
L499,柒下柒下,cat1 haa5 cat6 haa5,1,呆萌/傻乎乎/呆呆的/沙雕/傻叉/傻里傻气,dunce/Stupid dick/dumbass/stupid/on9/dumb/silly,Colloquial,curse
L500,柒柒下,cat1 cat6 haa5,1,呆萌/傻乎乎/呆呆的/沙雕/傻叉/傻里傻气,dunce/Stupid dick/dumbass/stupid/on9/dumb/silly,Colloquial,curse
L501,懵撚,mung2 nan2,1,呆瓜/糊里糊涂/反应迟钝/慢半拍/傻里傻气,One step behind/half a bit slower/obtuse/stupid cock,Colloquial,curse
L502,碌葛,luk1 got3,0,呆瓜/糊里糊涂/反应迟钝/慢半拍/傻里傻气,One step behind/half a bit slower/obtuse/stupid cock,Slang,curse
L503,懵炳,mung2 bing2,0,呆瓜/糊里糊涂/反应迟钝/慢半拍/傻里傻气,One step behind/half a bit slower/obtuse/stupid cock,Colloquial,curse
L504,腦入水,nou5 jap6 seoi2,0,呆瓜/糊里糊涂/反应迟钝/慢半拍/傻里傻气,One step behind/half a bit slower/obtuse/stupid cock,Slang,curse
L505,反应迟钝,faan2 jing3 ci4 deon6,0,呆瓜/糊里糊涂/反应迟钝/慢半拍/傻里傻气,One step behind/half a bit slower/obtuse/stupid cock,Formal,curse
L506,一嚿雲,jat1 gau6 wan4,0,呆瓜/糊里糊涂/反应迟钝/慢半拍/傻里傻气,One step behind/half a bit slower/obtuse/stupid cock,Colloquial,curse
L507,一碌木,jat1 luk1 muk6,0,呆瓜/糊里糊涂/反应迟钝/慢半拍/傻里傻气,One step behind/half a bit slower/obtuse/stupid cock,Colloquial,curse
L508,慢半拍,maan6 bun3 paak3,0,呆瓜/糊里糊涂/反应迟钝/慢半拍/傻里傻气,One step behind/half a bit slower/obtuse/stupid cock,Formal,curse
L509,木嘴,muk6 zeoi2,0,呆瓜/糊里糊涂/反应迟钝/慢半拍/傻里傻气,One step behind/half a bit slower/obtuse/stupid cock,Slang,curse
L510,薯头,syu4 tau4,0,呆瓜/糊里糊涂/反应迟钝/慢半拍/傻里傻气,One step behind/half a bit slower/obtuse/stupid cock,Colloquial,curse
L511,薯仔,syu4 zai2,0,呆瓜/糊里糊涂/反应迟钝/慢半拍/傻里傻气,One step behind/half a bit slower/obtuse/stupid cock,Colloquial,curse
L512,低低哋,dai1 dai1 dei6,0,呆瓜/糊里糊涂/反应迟钝/慢半拍/傻里傻气,One step behind/half a bit slower/obtuse/stupid cock,Colloquial,curse
L513,懵仔,mung2 zai2,0,呆瓜/糊里糊涂/反应迟钝/慢半拍/傻里傻气,One step behind/half a bit slower/obtuse/stupid cock,Colloquial,curse
L514,番薯,faan1 syu4,0,呆瓜/糊里糊涂/反应迟钝/慢半拍/傻里傻气,One step behind/half a bit slower/obtuse/stupid cock,Colloquial,curse
L515,袖珍,zau6 zan1,0,小巧玲珑/精致/迷你/微缩/微型,petite/diminutive/cute and small/pocket-size/pocket/mini,Slang,
L516,唔等洗,m4 dang2 sai2,0,不等用/没用的/多余的/多余/不切实际/无用,impractical/useless ,Formal,
L517,啜核,zyut3 wat6,0,很过分/很刁钻/很犀利/很极致/真的想不到/很搞笑/很好笑,that's outrageous/tricky/sharp/extreme/unbelievable/hilarious/funny,Slang,
L518,搞嘢,gaau2 je5,0,很过分/很刁钻/很犀利/很极致/真的想不到/很搞笑/很好笑/荒谬/有趣,that's outrageous/tricky/sharp/extreme/unbelievable/hilarious/funny/ridiculous/interesting,Colloquial,
L519,攪笑,gaau2 siu3,0,真的想不到/搞笑/好笑/荒谬/有趣,unbelievable/funny/hilarious/ridiculous/laughable/amusing/entertaining,Colloquial,
L520,劈撚,pek3 nan2,1,很过分/很刁钻/很犀利/很极致/真的想不到/很搞笑/很好笑/荒谬,that's outrageous/tricky/sharp/extreme/unbelievable/hilarious/funny/ridiculous/laughable/amusing/entertaining,Colloquial,
L521,抵死,dai2 sei2,0,很过分/很极致/很搞笑/很好笑/活该/风趣幽默/荒谬/有趣,that's outrageous/extreme/hilarious/very funny/serves him right/funny and humorous/ridiculous/interesting,Colloquial,
L522,風趣,fung1 ceoi3,0,风趣/幽默/风趣幽默/很搞笑/很好笑/搞笑/滑稽,humorous/funny/very funny/charm/humor/wit/witty,Formal,
L523,風趣幽默,fung1 ceoi3 jau1 mak6,0,风趣/幽默/风趣幽默/很搞笑/很好笑/搞笑/滑稽,humorous/funny/very funny/charm/humor/wit/witty,Formal,
L524,黐線,ci1 sin6,0,神经病/发神经/白痴/弱智/有病/发疯/抓狂/疯掉,dork/idiot/ridiculous/moron/crazy/insane/short/idiocy/fool/lunatic/mad/schizophrenic/weak minded/mentally deficient/retarded/,Colloquial,curse
L525,发神經,faat3 san4 ging,0,神经病/发神经/白痴/弱智/有病/发疯/抓狂/疯掉,dork/idiot/ridiculous/moron/crazy/insane/short/idiocy/fool/lunatic/mad/schizophrenic/weak minded/mentally deficient/retarded/,Colloquial,curse
L526,白痴,baak6 ci1,0,神经病/发神经/白痴/弱智/有病,dork/idiot/ridiculous/moron/crazy/insane/short/idiocy/fool/lunatic/mad/schizophrenic/weak minded/mentally deficient/retarded/,Colloquial,curse
L527,黐筋,ci1 gan1,0,神经病/发神经/白痴/弱智/有病,dork/idiot/ridiculous/moron/crazy/insane/short/idiocy/fool/lunatic/mad/schizophrenic/weak minded/mentally deficient/retarded/,Slang,curse
L528,黐孖筋,ci1 maa1 gan1,0,神经病/发神经/白痴/弱智/有病,dork/idiot/ridiculous/moron/crazy/insane/short/idiocy/fool/lunatic/mad/schizophrenic/weak minded/mentally deficient/retarded/,Slang,curse
L529,忽忽哋,fat1 fat1 dei2,0,神经病/发神经/白痴/弱智/有病,dork/idiot/ridiculous/moron/crazy/insane/short/idiocy/fool/lunatic/mad/schizophrenic/weak minded/mentally deficient/retarded/,Slang,curse
L530,腎腎哋,san5 san5 dei2,0,神经病/发神经/白痴/弱智/有病,dork/idiot/ridiculous/moron/crazy/insane/short/idiocy/fool/lunatic/mad/schizophrenic/weak minded/mentally deficient/retarded/,Slang,curse
L531,弱智,joek6 zi3,0,神经病/发神经/白痴/弱智/有病,dork/idiot/ridiculous/moron/crazy/insane/short/idiocy/fool/lunatic/mad/schizophrenic/weak minded/mentally deficient/retarded/,Colloquial,curse
L532,有病,jau5 beng6,0,神经病/发神经/白痴/弱智/有病,dork/idiot/ridiculous/moron/crazy/insane/short/idiocy/fool/lunatic/mad/schizophrenic/weak minded/mentally deficient/retarded/,Formal,curse
L533,癫,din1,0,神经病/发神经/白痴/弱智/有病/发疯/抓狂/疯掉,dork/idiot/ridiculous/moron/crazy/insane/short/idiocy/fool/lunatic/mad/schizophrenic/weak minded/mentally deficient/retarded/,Colloquial,curse
L534,shortshort地,short short dei2,0,神经病/发神经/白痴/弱智/有病,dork/idiot/ridiculous/moron/crazy/insane/short/idiocy/fool/lunatic/mad/schizophrenic/weak minded/mentally deficient/retarded/,Colloquial,curse
L535,黐撚線,ci1 nan2 sin3,1,神经病/发神经/白痴/弱智/有病/发疯/抓狂/疯掉,dork/idiot/ridiculous/moron/crazy/insane/short/idiocy/fool/lunatic/mad/schizophrenic/weak minded/mentally deficient/retarded/,Colloquial,curse
L536,黐鳩線,ci1 gau1 sin3,1,神经病/发神经/白痴/弱智/有病/发疯/抓狂/疯掉,dork/idiot/ridiculous/moron/crazy/insane/short/idiocy/fool/lunatic/mad/schizophrenic/weak minded/mentally deficient/retarded/,Colloquial,curse
L537,黐閪線,ci1 hai1 sin3,1,神经病/发神经/白痴/弱智/有病/发疯/抓狂/疯掉,dork/idiot/ridiculous/moron/crazy/insane/short/idiocy/fool/lunatic/mad/schizophrenic/weak minded/mentally deficient/retarded/,Colloquial,curse
L538,黐柒線,ci1 cat6 sin3,1,神经病/发神经/白痴/弱智/有病/发疯/抓狂/疯掉,dork/idiot/ridiculous/moron/crazy/insane/short/idiocy/fool/lunatic/mad/schizophrenic/weak minded/mentally deficient/retarded/,Colloquial,curse
L539,有鳩病,jau5 gau1 beng6,1,没有病/没事,no disease,Colloquial,
L540,弱鳩智,joek6 gau1 zi3,1,神经病/发神经/白痴/弱智/有病/他妈的弱智,dork/idiot/ridiculous/moron/crazy/insane/short/idiocy/fool/lunatic/mad/schizophrenic/weak minded/mentally deficient/retarded/,Colloquial,curse
L541,智障,zi3 zoeng1,0,神经病/发神经/白痴/弱智/有病/他妈的弱智,dork/idiot/ridiculous/moron/crazy/insane/short/idiocy/fool/lunatic/mad/schizophrenic/weak minded/mentally deficient/retarded/,Colloquial,curse
L542,反骨仔,faan2 gwat1 zai2,0,死小子/孙子/臭小子/混蛋/王八蛋/反贼/反骨/讨厌的人/叛徒/白眼狼/忘恩负义/因将仇报/吃里扒外的货,Bastard/Asshole/shithead/traitor/betrayer/utterly ungrateful,Colloquial,curse
L543,二五仔,ji6 ng5 zai2,0,死小子/孙子/臭小子/混蛋/王八蛋/反贼/反骨/讨厌的人/叛徒/白眼狼/忘恩负义/因将仇报/吃里扒外的货,Bastard/Asshole/shithead/traitor/betrayer/utterly ungrateful,Colloquial,curse
L544,食碗麵，反碗底,"sik6 wun2 min6, faan2 wun2 dai2",0,死小子/孙子/臭小子/混蛋/王八蛋/反贼/反骨/讨厌的人/叛徒/白眼狼/忘恩负义/因将仇报/吃里扒外的货,to return one's kindess with ingratitude and betrayal/Bastard/Asshole/shithead/traitor/betrayer/utterly ungrateful,Slang,curse
L545,恩將仇報,jan1 zoeng1 cau4 bou3,0,死小子/孙子/臭小子/混蛋/王八蛋/反贼/反骨/讨厌的人/叛徒/白眼狼/忘恩负义/因将仇报/吃里扒外的货,Bastard/Asshole/shithead/traitor/betrayer/utterly ungrateful,Formal,curse
L546,忘恩負義,mong4 jan1 fu6 ji6,0,死小子/孙子/臭小子/混蛋/王八蛋/反贼/反骨/讨厌的人/叛徒/白眼狼/忘恩负义/因将仇报/吃里扒外的货,Bastard/Asshole/shithead/traitor/betrayer/utterly ungrateful,Formal,curse
L547,撲街,pok3 gaai1,0,该死/出大事了/跌倒/王八蛋/完了/完蛋了/倒霉了/扑街/糟糕了/糟糕/出大事/失败了/玩完/糟了/惨了,I'm screwed/I'm fucked/I'm doomed/I'm done/I'm finished/I'm toast/it's over/I'm in trouble/I'm dead/I'm so dead/I'm out of luck/down on my luck /bad luck/unlucky/shit/oh shit/holy shit/damn/god damn it/damn it/fuck /fuck me/fuck this/oh my god/omg/what the hell/what the fuck,Colloquial,curse
L548,正撲街,zing3 pok3 gaai1,0,真该死/真的是王八蛋/正扑街/正一扑街/渣男/贱男/真渣男/真贱男/渣女/贱人,bastard/asshole/jerk/piece of shit/scumbag/dickhead/such a bastard/a real asshole/total jerk/absolute bastard,Colloquial,curse
L549,正一撲街,zing3 jat1 pok3 gaai1,0,真该死/真的是王八蛋/正扑街/正一扑街,bastard / asshole / jerk / piece of shit / scumbag / dickhead / such a bastard / a real asshole / total jerk / absolute bastard,Colloquial,curse
L550,食屎,sik6 si2,0,去死吧/吃屎去/去死,eat shit/eat crap/eat dirt/go to hell/go to hell and die/go fuck yourself/fuck off/fuck you/screw you/up yours/kiss my ass/kiss my arse/bite me/drop dead/go die/die already/to hell with you/to hell with it/rot in hell/burn in hell,Colloquial,curse
L551,柒頭皮,cat6 tau4 pei4,1,死小子/孙子/臭小子/混蛋/王八蛋/反贼/反骨/讨厌的人,Bastard/Asshole/shithead,Colloquial,curse
L552,柒柒哋,cat6 cat6 dei2,1,死小子/孙子/臭小子/混蛋/王八蛋/反贼/反骨/讨厌的人,Bastard/Asshole/shithead,Colloquial,curse
L553,撚樣,nan2 joeng6,1,死小子/孙子/臭小子/混蛋/王八蛋/反贼/反骨/讨厌的人/叛徒/白眼狼/忘恩负义/因将仇报/吃里扒外的货,Bastard/Asshole/shithead/traitor/betrayer/utterly ungrateful,Colloquial,curse
L554,粉腸,fan2 coeng2,0,死小子/孙子/臭小子/混蛋/王八蛋/反贼/反骨/讨厌的人/叛徒/白眼狼/忘恩负义/因将仇报/吃里扒外的货,Bastard/Asshole/shithead/traitor/betrayer/utterly ungrateful,Slang,curse
L555,攔坦,laan4 taan2,0,死小子/孙子/臭小子/混蛋/王八蛋/反贼/反骨/讨厌的人/叛徒/白眼狼/忘恩负义/因将仇报/吃里扒外的货,Bastard/Asshole/shithead/traitor/betrayer/utterly ungrateful,Slang,curse
L556,死你就去,sei2 nei5 zau6 heoi3,0,去死吧你/吃屎去,Go to hell/Drop dead/Get lost/Go die/ Go and die,Colloquial,curse
L557,大镬,daai6 wok6,0,该死/出大事了/完了/完蛋了/倒霉了/扑街/糟糕了/糟糕/出大事/出事了/糟了/惨了,Oh shit/oh no/This is fucked up/We’re fucked/We’re in trouble/,Colloquial,
L558,趁地淋,can3 dei6 lam4,0,去死吧/吃屎去,Go to hell/Drop dead/Get lost/Go die/ Go and die,Colloquial,curse
L559,屌閪喇,diu2 hai1 laa3,1,该死/出大事了/完了/完蛋了/倒霉了/扑街/糟糕了/糟糕/出大事/出事了/糟了/惨了,Oh shit/oh no/This is fucked up/We’re fucked/We’re in trouble/,Colloquial,
L560,龜缩,gwai1 suk1,0,笨蛋/蠢货/笨7/笨叱/浪费机会/错失良机,dumb person/dumb/imbecile/incredibly stupid/brain dead/silly/dickhead/miss the boat/stupid/stupid prick,Slang,curse
L561,嘥料,saai1 liu6,0,笨蛋/蠢货/笨7/笨叱/浪费机会/错失良机,dumb person/dumb/imbecile/incredibly stupid/brain dead/silly/dickhead/miss the boat/stupid/stupid prick,Colloquial,curse
L562,柒轱辘,cat6 gu1 luk6,1,笨蛋/蠢货/笨7/笨叱/浪费机会/错失良机,dumb person/dumb/imbecile/incredibly stupid/brain dead/silly/dickhead/miss the boat/stupid/stupid prick,Colloquial,curse
L563,乞人憎,hat1 jan4 zang1,0,讨人厌/讨厌鬼/神憎鬼厌,jerk/disgusting,Colloquial,curse
L564,乞閪人憎,hat1 hai1 jan4 zang1,1,讨人厌/讨厌鬼/神憎鬼厌,jerk/disgusting/fucking disgust/fu*king disgusting,Colloquial,curse
L565,非洲和尚,fei1 zau1 wo4 soeng6,0,讨人厌/讨厌鬼/神憎鬼厌,jerk/disgusting,Slang,curse
L566,神憎鬼厌,san4 zang1 gwai2 jim3,0,讨人厌/讨厌鬼/神憎鬼厌,jerk/disgusting,Formal,curse
L567,樣衰,joeng6 seoi1,0,出洋相/难为情/丑/丑八怪/讨厌/愚蠢/倒霉,clown/bad looking/bad face/ugly face/ugly/,Colloquial,curse
L568,出丑,ceot1 cau2,0,小丑/出洋相/难为情/丑/丑八怪/讨厌/愚蠢/倒霉,clown/bad looking/bad face/ugly face/ugly/,Formal,curse
L569,好瘀,hou2 jyu1,0,小丑/出洋相/难为情/丑/丑八怪/讨厌/愚蠢,clown/bad looking/bad face/ugly face/ugly/,Colloquial,curse
L570,核突,wat6 dat6,0,小丑/出洋相/难为情/丑/丑八怪/讨厌/愚蠢/不太好,clown/bad looking/bad face/ugly face/ugly/disgusting/fucking disgust/fu*king disgusting,Colloquial,curse
L571,肉酸,juk6 syun1,0,小丑/出洋相/难为情/丑/丑八怪/讨厌/愚蠢/反胃,clown/bad looking/bad face/ugly face/ugly/disgusting/fucking disgust/fu*king disgusting,Colloquial,curse
L572,反胃,faan2 wai6,0,令人窒息/丑/丑八怪/讨厌/愚蠢/反胃/令人作呕,retching/vomiting/disgusting/horrible/fucking disgust/fu*king disgusting,Colloquial,curse
L573,核閪突突,wat6 hai1 dat6 dat6,1,小丑/出洋相/难为情/丑/丑八怪/讨厌/愚蠢/不太好,clown/bad looking/bad face/ugly face/ugly/disgusting/fucking disgust/fu*king disgusting,Colloquial,curse
L574,核閪突,wat6 hai1 dat6,1,小丑/出洋相/难为情/丑/丑八怪/讨厌/愚蠢/不太好,clown/bad looking/bad face/ugly face/ugly/disgusting/fucking disgust/fu*king disgusting,Colloquial,curse
L575,核鳩突,wat6 gau1 dat6,1,小丑/出洋相/难为情/丑/丑八怪/讨厌/愚蠢/不太好,clown/bad looking/bad face/ugly face/ugly/disgusting/fucking disgust/fu*king disgusting,Colloquial,curse
L576,核撚突,wat6 nan2 dat6,1,小丑/出洋相/难为情/丑/丑八怪/讨厌/愚蠢/不太好,clown/bad looking/bad face/ugly face/ugly/disgusting/fucking disgust/fu*king disgusting,Colloquial,curse
L577,核鳩突突,wat6 gau1 dat6 dat6,1,小丑/出洋相/难为情/丑/丑八怪/讨厌/愚蠢/不太好,clown/bad looking/bad face/ugly face/ugly/disgusting/fucking disgust/fu*king disgusting,Colloquial,curse
L578,核撚突突,wat6 nan2 dat6 dat6,1,小丑/出洋相/难为情/丑/丑八怪/讨厌/愚蠢/不太好,clown/bad looking/bad face/ugly face/ugly/disgusting/fucking disgust/fu*king disgusting,Colloquial,curse
L579,肉鳩酸,juk6 gau1 syun1,1,小丑/出洋相/难为情/丑/丑八怪/讨厌/愚蠢/反胃,clown/bad looking/bad face/ugly face/ugly/disgusting/fucking disgust/fu*king disgusting,Colloquial,curse
L580,肉撚酸,juk6 nan2 syun1,1,小丑/出洋相/难为情/丑/丑八怪/讨厌/愚蠢/反胃,clown/bad looking/bad face/ugly face/ugly/disgusting/fucking disgust/fu*king disgusting,Colloquial,curse
L581,肉閪酸,juk6 hai1 syun1,1,小丑/出洋相/难为情/丑/丑八怪/讨厌/愚蠢/反胃,clown/bad looking/bad face/ugly face/ugly/disgusting/fucking disgust/fu*king disgusting,Colloquial,curse
L582,肉鳩酸酸,juk6 gau1 syun1 syun1,1,小丑/出洋相/难为情/丑/丑八怪/讨厌/愚蠢/反胃,clown/bad looking/bad face/ugly face/ugly/disgusting/fucking disgust/fu*king disgusting,Colloquial,curse
L583,肉撚酸酸,juk6 nan2 syun1 syun1,1,小丑/出洋相/难为情/丑/丑八怪/讨厌/愚蠢/反胃,clown/bad looking/bad face/ugly face/ugly/disgusting/fucking disgust/fu*king disgusting,Colloquial,curse
L584,肉閪酸酸,juk6 hai1 syun1 syun1,1,小丑/出洋相/难为情/丑/丑八怪/讨厌/愚蠢/反胃,clown/bad looking/bad face/ugly face/ugly/disgusting/fucking disgust/fu*king disgusting,Colloquial,curse
L585,好柒瘀,hou2 cat6 jyu1,1,小丑/出洋相/难为情/丑/丑八怪/讨厌/愚蠢,clown/bad looking/bad face/ugly face/ugly/,Colloquial,curse
L586,好撚瘀,hou2 nan2 jyu1,1,小丑/出洋相/难为情/丑/丑八怪/讨厌/愚蠢,clown/bad looking/bad face/ugly face/ugly/,Colloquial,curse
L587,好鳩瘀,hou2 gau1 jyu1,1,小丑/出洋相/难为情/丑/丑八怪/讨厌/愚蠢,clown/bad looking/bad face/ugly face/ugly/,Colloquial,curse
L588,好閪瘀,hou2 hai1 jyu1,1,小丑/出洋相/难为情/丑/丑八怪/讨厌/愚蠢,clown/bad looking/bad face/ugly face/ugly/,Colloquial,curse
L589,樣閪衰,joeng6 hai1 seoi1,1,出洋相/难为情/丑/丑八怪/讨厌/愚蠢/倒霉,clown/bad looking/bad face/ugly face/ugly/,Colloquial,curse
L590,樣鳩衰,joeng6 gau1 seoi1,1,出洋相/难为情/丑/丑八怪/讨厌/愚蠢/倒霉,clown/bad looking/bad face/ugly face/ugly/,Colloquial,curse
L591,樣鳩衰衰,joeng6 gau1 seoi1 seoi1,1,出洋相/难为情/丑/丑八怪/讨厌/愚蠢/倒霉,clown/bad looking/bad face/ugly face/ugly/,Colloquial,curse
L592,樣閪衰衰,joeng6 hai1 seoi1 seoi1,1,出洋相/难为情/丑/丑八怪/讨厌/愚蠢/倒霉,clown/bad looking/bad face/ugly face/ugly/,Colloquial,curse
L593,垃圾,laap6 saai1,0,失败者/废人/废物,Loser/garbage/rubbish/trash/junk,Colloquial,curse
L594,廢​物,fai3 mat6,0,失败者/废人/废物,Loser/garbage/rubbish/trash/junk,Colloquial,curse
L595,冇用,mou5 jung6,0,失败者/废人/废物,Loser/garbage/rubbish/trash/junk,Colloquial,curse
L596,廢柴,fai3 caai4,0,失败者/废人/废物,Loser/garbage/rubbish/trash/junk,Colloquial,curse
L597,收爹,sau1 deoi1,0,不要说话/别说话/闭嘴/省省吧/别吵/不要吵/别烦/不要闹/闭嘴/住口,Shut up/Don't argue/Don't bother/Don't make a fuss/Piss off/Knock it off/hush hush/shut your mouth,Colloquial,curse
L598,收聲,sau1 seng1,0,不要说话/别说话/闭嘴/省省吧/别吵/不要吵/别烦/不要闹/闭嘴/住口,Shut up/Don't argue/Don't bother/Don't make a fuss/Piss off/Knock it off/hush hush/shut your mouth,Colloquial,curse
L599,屌你,diu2 nei5,1,去你的/操你/草泥马/叼你/法克鱿/福建鱼/去你的/恭喜发财/恭喜你,fuck you/fucking you/fu*king you/fu*k u/fu*k you/Fujian U,Colloquial,curse
L600,屌柒你,diu2 cat6 nei5,1,去你的/操你/草泥马/叼你/法克鱿/福建鱼/去你的/恭喜发财/恭喜你,fuck you/fucking you/fu*king you/fu*k u/fu*k you/Fujian U,Colloquial,curse
L601,屌鳩你,diu2 gau1 nei5,1,去你的/操你/草泥马/叼你/法克鱿/福建鱼/恭喜发财/恭喜你,fuck you/fucking you/fu*king you/fu*k u/fu*k you/Fujian U,Colloquial,curse
L602,屌你老母,diu2 nei5 lou5 mou2,1,操你妈/草泥马/叼你老母/问候你娘亲/你妈/你妈的/去你的,cunt/smelly vagina/bitch/fuck your mother's cunt/Fuck your mother/fuck your mum/fucking your mum/fu*king your mum/fu*k your mum/Fujian U/fucking your mother/What the fuck/What the fuck/Motherfucker,Colloquial,curse
L603,問候你娘親,man6 hau6 nei5 noeng4 can1,0,操你妈/草泥马/叼你老母/问候你娘亲/你妈/你妈的/去你的,cunt/smelly vagina/bitch/fuck your mother's cunt/Fuck your mother/fuck your mum/fucking your mum/fu*king your mum/fu*k your mum/Fujian U/fucking your mother/What the fuck/What the fuck/Motherfucker,Colloquial,curse
L604,屌你老味,diu2 nei5 lou5 mei6,1,操你妈/草泥马/叼你老母/问候你娘亲/你妈/你妈的/去你的,cunt/smelly vagina/bitch/fuck your mother's cunt/Fuck your mother/fuck your mum/fucking your mum/fu*king your mum/fu*k your mum/Fujian U/fucking your mother/What the fuck/What the fuck/Motherfucker,Colloquial,curse
L605,屌那星,diu2 naa5 sing1,1,去你的/操你妈/草泥马/叼你/法克鱿/福建鱼/去你的/恭喜发财/恭喜你,fuck your mum/fucking your mum/fu*king your mum/fu*k your mum/Fujian U/fuck your mother/fucking your mother/What the fuck/What the fuck/Motherfucker,Colloquial,curse
L606,屌你鹵味,diu2 nei5 lou5 mei6,1,操你妈/草泥马/叼你老母/问候你娘亲/你妈/你妈的/去你的/恭喜发财/恭喜你,fuck your mum/fucking your mum/fu*king your mum/fu*k your mum/Fujian U/fuck your mother/fucking your mother/What the fuck/What the fuck/Motherfucker,Colloquial,curse
L607,屌那妈,diu2 naa5 maa1,1,去你的/操你妈/草泥马/叼你/法克鱿/福建鱼/去你的,fuck your mum/fucking your mum/fu*king your mum/fu*k your mum/Fujian U/fuck your mother/fucking your mother/What the fuck/What the fuck/Motherfucker,Colloquial,curse
L608,屌佢老母,diu2 keoi5 lou5 mou2,1,去他妈/去她妈/操他妈/操她妈/tmd/tm/他妈的/她妈的/他妈/她妈/去你的,fuck her mum/fucking her mum/fu*king her mum/fu*k her mum/fuck her mother/fucking her mother/fuck him mum/fucking him mum/fu*king him mum/fu*k him mum/fuck him mother/fucking him mother/What the fuck/What the fuck/Motherfucker,Colloquial,curse
L609,問候佢娘親,man6 hau6 keoi5 noeng4 can1,1,去他妈/去她妈/操他妈/操她妈/tmd/tm/他妈的/她妈的/他妈/她妈/去你的,fuck her mum/fucking her mum/fu*king her mum/fu*k her mum/fuck her mother/fucking her mother/fuck him mum/fucking him mum/fu*king him mum/fu*k him mum/fuck him mother/fucking him mother/What the fuck/What the fuck/Motherfucker,Colloquial,curse
L610,屌佢老味,diu2 keoi5 lou5 mei6,1,去他妈/去她妈/操他妈/操她妈/tmd/tm/他妈的/她妈的/他妈/她妈/去你的,fuck her mum/fucking her mum/fu*king her mum/fu*k her mum/fuck her mother/fucking her mother/fuck him mum/fucking him mum/fu*king him mum/fu*k him mum/fuck him mother/fucking him mother/What the fuck/What the fuck/Motherfucker,Colloquial,curse
L611,屌佢鹵味,diu2 keoi5 lou5 mei6,1,去他妈/去她妈/操他妈/操她妈/tmd/tm/他妈的/她妈的/他妈/她妈/去你的/恭喜发财/恭喜你,fuck her mum/fucking her mum/fu*king her mum/fu*k her mum/fuck her mother/fucking her mother/fuck him mum/fucking him mum/fu*king him mum/fu*k him mum/fuck him mother/fucking him mother/What the fuck/What the fuck/Motherfucker,Colloquial,curse
L612,屌到反艇,diu2 dou3 faan2 teng5,1,操到你爽/去你的,Fuck you until you're satisfied/intense sexual intercourse,Colloquial,curse
L613,屌到你反艇,diu2 dou3 nei5 faan2 teng5,1,操到你爽/去你的,Fuck you until you're satisfied/intense sexual intercourse,Colloquial,curse
L614,屌到你叫救命,diu2 dou3 nei5 giu3 gau3 meng6,1,操到你爽/去你的,Fuck you until you're satisfied/intense sexual intercourse,Colloquial,curse
L615,你真係搞笑,nei5 zan1 hai6 gaau2 siu3,0,你就是个笑话/你真的很搞笑,You're a joke,Colloquial,curse
L616,你真係好好笑,nei5 zan1 hai6 hou2 hou2 siu3,0,你就是个笑话/你真的很搞笑,You're a joke,Colloquial,curse
L617,你真係笑撚死我,nei5 zan1 hai6 siu3 nan2 sei2 ngo5,1,你就是个笑话/你真的很搞笑,You're a joke,Colloquial,curse
L618,火滚,fo2 gwan2,0,很生气,maddening/pissed off/irate,Colloquial,
L619,㷫,hing1,0,很生/抓狂/疯掉,maddening/pissed off/irate,Colloquial,
L620,嬲爆爆,nou5 baau3 baau3,0,非常生气/嫐爆爆/黑脸/不爽,furious/enraged/infuriated,Colloquial,
L621,㷫烚烚,hing1 lap6 lap6,0,非常生气/嫐爆爆/兴奋/热烘烘/来劲,furious/enraged/infuriated/very hot/so hot,Slang,
L622,㷫過辣雞,hing1 gwo3 laat6 gai1,0,超级无敌生气/兴过辣鸡/兴过火屎/憋不住,furious/fuming/very angry/extremely angry,Slang,
L623,㷫過火屎,hing1 gwo3 fo2 si2,0,超级无敌生气/兴过辣鸡/兴过火屎/憋不住,furious/fuming/very angry/extremely angry,Slang,
L624,㷫過焫雞,hing1 gwo3 jit6 gai1,0,超级无敌生气/兴过辣鸡/兴过火屎/憋不住,furious/fuming/very angry/extremely angry,Slang,
L625,吹脹,ceoi1 zoeng3,0,气死/吹胀,to blow up/to exasperate/to irritate,Slang,
L626,符弗,fu4 fat1,0,方法；办法,method/tricks ,Slang,
L627,計仔,gai3 zai2,0,方法；办法,method/tricks ,Colloquial,
L628,符fit,fu4 fit1,0,方法；办法,method/tricks ,Slang,
L629,板斧,baan2 fu2,0,方法；办法,method/tricks ,Slang,
L630,辦法,baan6 faat3,0,方法；办法,method/tricks ,Formal,
L631,冇晒符,mou5 saai3 fu4,0,没办法/没办法了/毫无办法,no way/no other way/absolutely no solution/no solution,Slang,
L632,冇計,mou5 gai3,0,没办法/没办法了/毫无办法,no way/no other way/absolutely no solution/no solution,Colloquial,
L633,冇晒符弗,mou5 saai3 fu4 fat1,0,没办法/没办法了/毫无办法,no way/no other way/absolutely no solution/no solution,Slang,
L634,煞食,saat3 sik6,0,厉害/在行/牛B/牛X/牛叉/牛逼,Awesome/Expert/amazing,Slang,
L635,犀利,sai1 lei6,0,厉害/在行/牛B/牛X/牛叉/牛逼,Awesome/Expert/amazing,Formal,
L636,抽秤,cau1 cing3,0,抽称/挑刺/挑毛病,Find fault/nitpick/find defects,Slang,
L637,挑刺,tiu1 ci3,0,抽称/挑刺/挑毛病,Find fault/nitpick/find defects,Formal,
L638,瀨嘢,laai6 je5,0,中招/踩坑/倒霉,get stung/step on a mine/it was a letdown/it`s a miss/bad luck,Slang,
L639,瀨撚攦嘢,laai6 nan2 laai6 je5,1,中招/踩坑/倒霉,get stung/step on a mine/it was a letdown/it`s a miss/bad luck,Colloquial,
L640,瀨攦嘢,laai6 laai6 je5,0,中招/踩坑/倒霉,get stung/step on a mine/it was a letdown/it`s a miss/bad luck,Colloquial,
L641,瀨柒攦嘢,laai6 cat6 laai6 je5,1,中招/踩坑/倒霉,get stung/step on a mine/it was a letdown/it`s a miss/bad luck,Colloquial,
L642,瀨鳩攦嘢,laai6 gau1 laai6 je5,1,中招/踩坑/倒霉,get stung/step on a mine/it was a letdown/it`s a miss/bad luck,Colloquial,
L643,舐撻,lai2 taat3,0,中招/踩坑/倒霉,get stung/step on a mine/it was a letdown/it`s a miss/bad luck,Slang,
L644,舐閪,lai2 hai1,1,中招/踩坑/倒霉,get stung/step on a mine/it was a letdown/it`s a miss/bad luck,Colloquial,
L645,嬲,nou5,0,生气/抓狂/疯掉,angry/to get angry/to take offence/to detest/unhappy,Colloquial,
L646,心郁郁,sam1 juk1 juk1,0,想去做,Want to do,Slang,
L647,心思思,sam1 si1 si1,0,渴望/念念不忘,to constantly think about/Longing/Unforgettable,Slang,
L648,心掛掛,sam1 gwaa3 gwaa3,0,想着某人/心挂挂/担心别人,keep thinking/missing/to worry,Formal,
L649,掛住​,gwaa3 zyu6,0,想着某人/心挂挂/担心别人,keep thinking/missing/to worry,Formal,
L650,牽腸​掛肚,hin1 coeng4 gwaa3 tou5,0,想着某人/心挂挂/担心别人,keep thinking/missing/to worry,Formal,
L651,擔心​,daam1 sam1,0,想着某人/心挂挂/担心别人,keep thinking/missing/to worry,Formal,
L652,​唔​放心,m4 fong1 sam1,0,想着某人/心挂挂/担心别人,keep thinking/missing/to worry,Colloquial,
L653,關​係,gwaan1 hai6,0,连结/瓜葛/关系,linkage/unresolved matters/relation/association,Colloquial,
L654,闷閪,mun6 hai1,1,闷骚,Surprise package/Man show,Colloquial,curse
L655,水蛇春咁長,seoi2 se4 ceon1 gam3 coeng4,0,超长/超级长,extremely long or lengthy,Slang,
L656,的式,dik1 sik1,0,小巧玲珑/精致/迷你/微缩/微型,petite/diminutive/cute and small/pocket-size/pocket/mini,Formal,
L657,趣​緻​,ceoi3 zi3,0,小巧玲珑/精致/迷你/微缩/微型,petite/diminutive/cute and small/pocket-size/pocket/mini,Formal,
L658,菂薂,dik1 dik1,0,小巧玲珑/精致/迷你/微缩/微型,petite/diminutive/cute and small/pocket-size/pocket/mini,Formal,
L659,的骰,dik1 sak1,0,小巧玲珑/精致/迷你/微缩/微型,petite/diminutive/cute and small/pocket-size/pocket/mini,Formal,
L660,奄尖,jim1 zim1,0,挑剔/腌尖/难以取悦/过分挑剔/难以满足,fussy/picky/fastidious/choosy/hard to please,Colloquial,curse
L661,揀擇,gaan2 zaak6,0,挑剔/腌尖/难以取悦/过分挑剔/难以满足,fussy/picky/fastidious/choosy/hard to please,Formal,curse
L662,奄尖聲悶,jim1 zim1 seng1 mun6,0,挑剔/腌尖/难以取悦/过分挑剔/难以满足,fussy/picky/fastidious/choosy/hard to please,Colloquial,curse
L663,奄尖夹聲悶,jim1 zim1 gaap3 seng1 mun6,0,挑剔/腌尖/难以取悦/过分挑剔/难以满足,fussy/picky/fastidious/choosy/hard to please,Colloquial,curse
L664,俹簁,aa1 sai1,0,随意/不上心/马虎/疏忽/粗心/粗心大意,careless/sloppy/slapdash/slipshod/,Colloquial,curse
L665,大意,daai6 ji3,0,随意/不上心/马虎/疏忽/粗心/粗心大意,careless/sloppy/slapdash/slipshod/,Formal,curse
L666,潦草,lou4 cou2,0,随意/不上心/马虎/疏忽/粗心/粗心大意,careless/sloppy/slapdash/slipshod/,Colloquial,curse
L667,馬虎,maa5 fu2,0,随意/不上心/马虎/疏忽/粗心/粗心大意,careless/sloppy/slapdash/slipshod/,Formal,curse
L668,疏忽,so1 fat1,0,随意/不上心/马虎/疏忽/粗心/粗心大意,careless/sloppy/slapdash/slipshod/,Formal,curse
L669,粗心,cou1 sam1,0,随意/不上心/马虎/疏忽/粗心/粗心大意,careless/sloppy/slapdash/slipshod/,Formal,curse
L670,粗心大意,cou1 sam1 daai6 ji3,0,随意/不上心/马虎/疏忽/粗心/粗心大意,careless/sloppy/slapdash/slipshod/,Formal,curse
L671,歎世界,taan3 sai3 gaai3,0,"享受生活/享受人生/享福/享清福
",to enjoy life/enjoy life/enjoy,Colloquial,curse
L672,嘆世界,taan3 sai3 gaai3,0,"享受生活/享受人生/享福/享清福
",to enjoy life/enjoy life/enjoy,Colloquial,curse
L673,山旮旯,saan1 gaa1 laa1,0,荒芜/偏僻/偏僻的地方/很偏僻/偏远,remote/backwoods/wild/out of the way,Slang,
L674,隔涉,gaak3 sip3,0,荒芜/偏僻/偏僻的地方/很偏僻/偏远,remote/backwoods/wild/out of the way,Slang,
L675,山卡啦,saan1 kaa1 laa1,0,荒芜/偏僻/偏僻的地方/很偏僻/偏远,remote/backwoods/wild/out of the way,Slang,
L676,山卡罅,saan1 kaa1 laa6,0,荒芜/偏僻/偏僻的地方/很偏僻/偏远,remote/backwoods/wild/out of the way,Slang,
L677,山旯旮,saan1 laa1 gaa1,0,荒芜/偏僻/偏僻的地方/很偏僻/偏远,remote/backwoods/wild/out of the way,Slang,
L678,眼㾓,ngaan5 jau1,0,看不顺眼/感到讨厌/感到反感,I don't like it/I hate it/I feel disgusted/disgusted,Slang,
L679,眼冤,ngaan5 jyun1,0,看不顺眼/感到讨厌/感到反感,I don't like it/I hate it/I feel disgusted/disgusted,Slang,
L680,冇,mou5,0,没有,no/nothing/have not/did not/don`t/didn`t,Formal,
L681,撲亲,pok3 can1,0,跌倒/摔倒/扑街,Fall down,Formal,
L682,做乜,zou6 mat1,0,干嘛/做什么/怎么/怎么回事/怎麼了,what are you doing/what's up/why/what for,Colloquial,ask
L683,做乜柒,zou6 mat1 cat6,1,干嘛/做什么/怎么/怎么回事/做乜7/怎麼了,what are you doing/what's up/why/what for,Colloquial,ask
L684,做乜撚,zou6 mat1 nan2,1,干嘛/做什么/怎么/怎么回事/做乜L/怎麼了,what are you doing/what's up/why/what for,Colloquial,ask
L685,做乜鳩,zou6 mat1 gau1,1,干嘛/做什么/怎么/怎么回事/做乜9/怎麼了,what are you doing/what's up/why/what for,Colloquial,ask
L686,做乜閪,zou6 mat1 hai1,1,干嘛/做什么/怎么/怎么回事/怎麼了,what are you doing/what's up/why/what for,Colloquial,ask
L687,做乜嘢,zou6 mat1 je5,0,干嘛/做什么/怎么/怎么回事/做乜也,what are you doing/what's up/why/what for,Colloquial,ask
L688,做咩,zou6 me1,0,干嘛/做什么/怎么/怎么回事/怎麼了,what are you doing/what's up/why/what for,Colloquial,ask
L689,做咩啫,zou6 me1 ze1,0,干嘛/做什么/怎么/怎么回事/怎麼了,what are you doing/what's up/why/what for,Colloquial,ask
L690,做乜噉嘅,zou6 mat1 gam2 ge2,0,怎么会这样/为什么会这样,what are you doing/what's up/why/what for,Colloquial,ask
L691,做乜撚嘢, zou6 mat1 nan2 je5,1,干嘛/做什么/怎么/怎么回事/做l乜也/怎麼了,what are you doing/what's up/why/what for,Colloquial,ask
L692,做乜鳩嘢, zou6 mat1 gau1 je5,1,干嘛/做什么/怎么/怎么回事/做9乜也/怎麼了,what are you doing/what's up/why/what for,Colloquial,ask
L693,做乜柒嘢, zou6 mat1 cat6 je5,1,干嘛/做什么/怎么/怎么回事/做7乜也/怎麼了,what are you doing/what's up/why/what for,Colloquial,ask
L694,唔好𢫨,m4 hou2 ung2,0,不要推/别推/ong,don`t push,Colloquial,
L695,咪𢫨,mai1 ung2,0,不要推/别推/ong,don`t push,Colloquial,
L696,咪鳩𢫨,mai1 gau1 ung2,1,不要推/别推/ong,don`t push,Colloquial,
L697,咪撚𢫨,mai1 nan2 ung2,1,不要推/别推/ong,don`t push,Colloquial,
L698,咪柒𢫨,mai1 cat6 ung2,1,不要推/别推/ong,don`t push,Colloquial,
L699,咪閪𢫨,mai1 mat1 ung2,1,不要推/别推/ong,don`t push,Colloquial,
L700,𢫨你只閪,ung2 nei5 zi2 hai1,1,推你妈/不要推/别推/ong,don`t fucking push/don`t push,Colloquial,
L701,𢫨你老母,ung2 nei5 lou5 mou2,1,推你妈/不要推/别推/ong,don`t fucking push/don`t push,Colloquial,
L702,𢫨你老母吖𢫨,ung2 nei5 lou5 mou2 aa1 ung2,1,推你妈/不要推/别推/ong/推你妈啊推,don`t fucking push/don`t push,Colloquial,
L703,𢫨你老妈吖𢫨,ung2 nei5 lou5 maa1 aa1 ung2,1,推你妈/不要推/别推/ong/推你妈啊推,don`t fucking push/don`t push,Colloquial,
L704,再𢫨你就閪,zoi3 ung2 nei5 zau6 hai1,1,推你妈/不要推/别推/ong/推你妈啊推/再推你试试,Try pushing you again/don`t fucking push/don`t push,Colloquial,
L705,唔係,m4 hai6,0,不是/不,no/not,Colloquial,
L706,咪,mai1,0,不是/不/不要,no/not,Colloquial,
L707,唔撚係,m4 nan2 hai6,1,不是/不是吧/真的吗/开玩笑的吧/你开玩笑的吧,No way/no/not/are you joking/seriously,Colloquial,
L708,唔閪係,m4 hai1 hai6,1,不是/不是吧/真的吗/开玩笑的吧/你开玩笑的吧,No way/no/not/are you joking/seriously,Colloquial,
L709,唔柒係,m4 cat6 hai6,1,不是/不是吧/真的吗/开玩笑的吧/你开玩笑的吧,No way/no/not/are you joking/seriously,Colloquial,
L710,唔鳩係,m4 gau1 hai6,1,不是/不是吧/真的吗/开玩笑的吧/你开玩笑的吧,No way/no/not/are you joking/seriously,Colloquial,
L711,唔撚係吖嘛,m4 nan2 hai6 aa1 maa3,1,不是/不是吧/真的吗/开玩笑的吧/你开玩笑的吧,No way/no/not/are you joking/seriously,Colloquial,
L712,唔閪係吖嘛,m4 hai1 hai6 aa1 maa3,1,不是/不是吧/真的吗/开玩笑的吧/你开玩笑的吧,No way/no/not/are you joking/seriously,Colloquial,
L713,唔柒係吖嘛,m4 cat6 hai6 aa1 maa3,1,不是/不是吧/真的吗/开玩笑的吧/你开玩笑的吧,No way/no/not/are you joking/seriously,Colloquial,
L714,唔鳩係吖嘛,m4 gau1 hai6 aa1 maa3,1,不是/不是吧/真的吗/开玩笑的吧/你开玩笑的吧,No way/no/not/are you joking/seriously,Colloquial,
L715,唔係呀嘛,m4 hai6 aa1 maa3,0,不是/不是吧/真的吗/开玩笑的吧/你开玩笑的吧,No way/no/not/are you joking/seriously,Colloquial,
L716,係閪,hai6 hai1,1,是个鬼/才不是呢/才不是,"It's a ghost/No, it's not/It's not.",Colloquial,
L717,係鳩,hai6 gau1 ,1,是个鬼/才不是呢/才不是,"It's a ghost/No, it's not/It's not.",Colloquial,
L718,係鬼,hai6 gwai2,0,不就是/可不是/难道不是吗/可不是嘛/不都是/难道不是/可不是吗/难道不是嘛/不就是嘛/不就是吗,"It's a ghost/No, it's not/It's not.",Colloquial,
L719,咪係,mai6 hai6,0,不就是/可不是/难道不是吗/可不是嘛/不都是/难道不是/可不是吗/难道不是嘛/不就是嘛/不就是吗,Isn't that right/Isn't it just/That's right/that's it,Colloquial,
L720,咪就係,mai6 zau6 hai6,0,不就是/可不是/难道不是吗/可不是嘛/不都是/难道不是/可不是吗/难道不是嘛/不就是嘛/不就是吗,Isn't that right/Isn't it just/That's right/that's it,Colloquial,
L721,咪又係,mai6 jau6 hai6,0,不又是/难道不是/可不是/不都是,Isn't that right/Isn't it just/That's right,Colloquial,
L722,之唔係,zi1 m4 hai6,0,不就是/可不是/难道不是吗/可不是嘛/不都是/难道不是/可不是吗/难道不是嘛/不就是嘛/不就是吗,Isn't that right/Isn't it just/That's right/that's it,Colloquial,
L723,水人, seoi2 jan4,0,存心误导人/忽悠/骗人/欺骗人,to mislead someone deliberately/lying/deceiving/boasting/talking nonsense/blathering/cheating/telling lies/to lie/lie/fleecing us/a chump/cheat/to cheat/to trick/trick/deceive/lie/cheat/to swindle,Colloquial,
L724,水鳩人, seoi2 gau1 jan4,1,存心误导人/忽悠/骗人/欺骗人,to mislead someone deliberately/lying/deceiving/boasting/talking nonsense/blathering/cheating/telling lies/to lie/lie/fleecing us/a chump/cheat/to cheat/to trick/trick/deceive/lie/cheat/to swindle,Colloquial,
L725,水柒人, seoi2 cat6 jan4,1,存心误导人/忽悠/骗人/欺骗人,to mislead someone deliberately/lying/deceiving/boasting/talking nonsense/blathering/cheating/telling lies/to lie/lie/fleecing us/a chump/cheat/to cheat/to trick/trick/deceive/lie/cheat/to swindle,Colloquial,
L726,氹你入局,tam3 nei5 jap6 guk6,0,骗人进圈套/忽悠/骗人/欺骗人/入圈套/把人骗进来,deceiving people into a trap/luring/scamming/deceiving/falling into a trap/luring people in,Colloquial,
L727,氹佢入局,tam3 keoi5 jap6 guk6,0,骗人进圈套/忽悠/骗人/欺骗人/入圈套/把人骗进来,deceiving people into a trap/luring/scamming/deceiving/falling into a trap/luring people in,Colloquial,
L728,呃鳩人,ngaak1 gau1 jan4,1,存心误导人/忽悠/骗人/欺骗人,to mislead someone deliberately/lying/deceiving/boasting/talking nonsense/blathering/cheating/telling lies/to lie/lie/fleecing us/a chump/cheat/to cheat/to trick/trick/deceive/lie/cheat/to swindle,Colloquial,
L729,呃人,ngaak1 jan4,0,存心误导人/忽悠/骗人/欺骗人,to mislead someone deliberately/lying/deceiving/boasting/talking nonsense/blathering/cheating/telling lies/to lie/lie/fleecing us/a chump/cheat/to cheat/to trick/trick/deceive/lie/cheat/to swindle,Colloquial,
L730,呃柒人,ngaak1 cat6 jan4,1,存心误导人/忽悠/骗人/欺骗人,to mislead someone deliberately/lying/deceiving/boasting/talking nonsense/blathering/cheating/telling lies/to lie/lie/fleecing us/a chump/cheat/to cheat/to trick/trick/deceive/lie/cheat/to swindle,Colloquial,
L731,呃閪人,ngaak1 hai1  jan4,1,存心误导人/忽悠/骗人/欺骗人,to mislead someone deliberately/lying/deceiving/boasting/talking nonsense/blathering/cheating/telling lies/to lie/lie/fleecing us/a chump/cheat/to cheat/to trick/trick/deceive/lie/cheat/to swindle,Colloquial,
L732,替死鬼,tai3 sei2 gwai2,0,替罪羊/代罪羔羊,scapegoat/fall guy/a patsy,slang,
L733,抽水,cau1 seoi2,0,占便宜/浑水摸鱼/调戏妇女/性骚扰/剥削, scrounge/to make use of/to exploit/make use of/Harassing women/sexual harassment,slang,
L734,佔便宜,zim3 pin4 ji4,0,占便宜/浑水摸鱼/调戏妇女/性骚扰/剥削, scrounge/to make use of/to exploit/make use of/Harassing women/sexual harassment,Formal,
L735,揩油,haai1 jau4,0,占便宜/浑水摸鱼/调戏妇女/性骚扰, scrounge/to make use of/to exploit/make use of/Harassing women/sexual harassment,slang,
L736,剾草,au1 cou2,0,占便宜/浑水摸鱼/利用, scrounge/to make use of/to exploit/make use of,slang,
L737,利用,lei6 jung6,0,占便宜/浑水摸鱼/利用/剥削, scrounge/to make use of/to exploit/make use of,Formal,
L738,打斧頭,daa2 fu2 tau4,0,挪用公款/偷钱/私吞/私吞公款,embezzlement/to embezzle/embezzle funds/Steal money/Embezzlement/misappropriation of public funds,slang,
L739,穿櫃桶底,cyun1 gwai6 tung2 dai2,0,挪用公款/消化肠道/肠道消化/偷钱/私吞/私吞公款,embezzlement/to embezzle/embezzle funds/Steal money/Embezzlement/misappropriation of public funds,slang,
L740,落格,lok6 gaak3,0,挪用公款/消化肠道/肠道消化/偷钱/私吞/私吞公款,embezzlement/to embezzle/embezzle funds/Digestive Gut/Intestinal Digestion/Steal money/Embezzlement/misappropriation of public funds,slang,
L741,该煨,goi1 wui1,0,糟糕/糟糕的/倒霉的/倒霉/运气不好的/可怜的/悲惨的/活该/该死/自作自受的/咎由自取/活该的/自找的/我的天哪/我的老天爷/幸灾乐祸,"serves you right/you deserved it/you had it coming/that’s what you get/that’ll teach you/karma/instant karma/well deserved/deserved it/you brought it on yourself/you brought this on yourself/you did this to yourself/you asked for it/you made your bed, now lie in it/you played with fire and got burned/you reaped what you sowed/tough luck/too bad so sad/too bad/oh well/welp/oof/yikes/oh no/oh dear/oh my god/oh my goodness/oh my/goodness me/my word/omg",slang,
L742,折墮,zit3 do6,0,糟糕/糟糕的/倒霉的/倒霉/运气不好的/可怜的/悲惨的/活该/该死/自作自受的/咎由自取/活该的/自找的/我的天哪/我的老天爷,"down on one's luck/out of luck/having terrible luck/things just keep going wrong/one thing after another/what a mess/that's rough/that's/unfortunate/that's pretty sad/kind of/pitiful/really unlucky/tragic situation/serves/him right/serves her right/got what he deserved/got what she deserved/had it coming/brought it upon himself/brought it upon herself/asked for it/well, that's on him/damn/karma",slang,
L743,撞鬼囖,zong2 gwai2 lo1,0,糟糕/糟糕的/倒霉的/倒霉/运气不好的/可怜的/悲惨的/活该/该死/自作自受的/咎由自取/活该的/自找的/我的天哪/我的老天爷/糟了,"down on one's luck/out of luck/having terrible luck/things just keep going wrong/one thing after another/what a mess/that's rough/that's/unfortunate/that's pretty sad/kind of/pitiful/really unlucky/tragic situation/serves/him right/serves her right/got what he deserved/got what she deserved/had it coming/brought it upon himself/brought it upon herself/asked for it/well, that's on him/damn",Colloquial,
L744,折鳩墮,zit3 gau1 do6,1,糟糕/糟糕的/倒霉的/倒霉/运气不好的/可怜的/悲惨的/活该/该死/自作自受的/咎由自取/活该的/自找的/我的天哪/我的老天爷,"down on one's luck/out of luck/having terrible luck/things just keep going wrong/one thing after another/what a mess/that's rough/that's/unfortunate/that's pretty sad/kind of/pitiful/really unlucky/tragic situation/serves/him right/serves her right/got what he deserved/got what she deserved/had it coming/brought it upon himself/brought it upon herself/asked for it/well, that's on him/damn",slang,
L745,该煨囖,goi1 wui1 lo1,0,糟糕/糟糕的/倒霉的/倒霉/运气不好的/可怜的/悲惨的/活该/该死/自作自受的/咎由自取/活该的/自找的/我的天哪/我的老天爷,"serves you right/you deserved it/you had it coming/that’s what you get/that’ll teach you/karma/instant karma/well deserved/deserved it/you brought it on yourself/you brought this on yourself/you did this to yourself/you asked for it/you made your bed, now lie in it/you played with fire and got burned/you reaped what you sowed/tough luck/too bad so sad/too bad/oh well/welp/oof/yikes/oh no/oh dear/oh my god/oh my goodness/oh my/goodness me/my word/omg",slang,
L746,心悒,sam1 ngap1,0,心up/难过/不安/伤心/心烦/郁闷,Feeling up/sad/anxious/heartbroken/annoyed/depressed,slang,
L747,心噏,sam1 ngap1,0,心up/难过/不安/伤心/心烦/郁闷,Feeling up/sad/anxious/heartbroken/annoyed/depressed,slang,
L748,一口咬定,at1 hau2 ngaau5 ding6,0,一口咬定/坚决/肯定,to arbitrarily assert/to allege/to stick to one's statement/to cling to one's view,Formal,
L749,作賊心虛,zok3 caak3 sam1 heoi1,0,做贼心虚/心虚/不安乐,Have a guilty conscience/Guilty,Formal,
L750,心虚,sam1 heoi1,0,做贼心虚/心虚/不安乐,Have a guilty conscience/Guilty,Formal,
L751,唔安樂,m4 ngon1 lok6,0,心虚/不安乐/不放心/心里不安/担心,uncomfortable/Guilty/Worry,Colloquial,
L752,唔放心,m4 fong3 sam1,0,心虚/不安乐/不放心/心里不安/担心,uncomfortable/Guilty/Worry,Formal,
L753,擔心,daam1 sam1,0,心虚/不安乐/不放心/心里不安/担心,uncomfortable/Guilty/Worry,Formal,
L754,放心,ngon1 lok6,0,安乐/放心/舒畅/安心/安宁/快乐/满足/愉快,Peace of mind/Reassurance/Comfort/Peace of mind/Tranquility/Happiness/Satisfaction/Joy,Formal,
L755,安樂,fong3 sam1,0,安乐/放心/舒畅/安心/安宁/快乐/满足/愉快,Peace of mind/Reassurance/Comfort/Peace of mind/Tranquility/Happiness/Satisfaction/Joy,slang,
L756,呢度,nei4 dou6,0,这里/此地/这/这边,here/over here,Colloquial,
L757,呢頭,ne1 tau4,0,这边/这一边/这里,over here/This side/This side,Colloquial,
L758,呢頭近,ne1 tau4 kan5,0,快死/时间差不多了/这边比较近,nearing death/death is near/close to the age of death/This side is closer,slang,curse
L759,呢便,nei4 bin6,0,这边/这一边/这儿/这/这里,over here/This side/This side/here,Colloquial,
L760,呢边,nei4 bin6,0,这边/这一边/这儿/这/这里,over here/This side/This side/here,Colloquial,
L761,呢處,nei4 cyu3,0,这里/此地,here/over here,slang,
L762,行返呢頭,haang4 faan1 nei1 tau4,0,回来这边/回去这一边,walk back in this direction/Come back here / Go back to this side,Colloquial,
L763,嗰度,go2 dou6 ,,那里/那/那边,there/over there,Colloquial,
L764,嗰边,go2 bin6,0,那里/那一边/那/那边,There/That side/over there,Colloquial,
L765,嗰便,go2 bin6,0,那里/那一边/那/那边,There/That side/over there,Colloquial,
L766,嗰處,o2 syu3,0,那里/那一边/那边,there/over there,slang,
L767,嗰頭,go2 tau4,0,那里/那一边/那边,There/That side/over there,Colloquial,
L768,行返嗰頭,haang4 faan1 nei1 tau4,0,回去那边/回去那一边/往回走,walk back in there  direction/Go back there / Go back to that side,Colloquial,
L769,嗰頭近,go2 tau4 kan5,0,快死/时间差不多了/那边比较近,nearing death/death is near/close to the age of deathThat side is closer,slang,curse
L770,屌你令壽堂,diu2 nei5 ling6 sau6 tong4,1,操你妈/草泥马/叼你老母/问候你娘亲/你妈/你妈的/去你的,fuck your mum/fucking your mum/fu*king your mum/fu*k your mum/Fujian U/fuck your mother/fucking your mother/What the fuck/What the fuck/Motherfucker,Colloquial,curse
L771,屌佢令壽堂,diu2 keoi5 ling6 sau6 tong4,1,去他妈/去她妈/操他妈/操她妈/tmd/tm/去你的,fuck her mum/fucking her mum/fu*king her mum/fu*k her mum/fuck her mother/fucking her mother/fuck him mum/fucking him mum/fu*king him mum/fu*k him mum/fuck him mother/fucking him mother/What the fuck/What the fuck/Motherfucker,Colloquial,curse
L772,契弟,kai3 dai6,0,死小子/孙子/臭小子/混蛋/王八蛋/反贼/反骨/讨厌的人/叛徒/白眼狼/忘恩负义/因将仇报,Bastard/Asshole/shithead/traitor/betrayer,Colloquial,curse
L773,陀地,to4 dei6,0,当地人/当地的/保护费/流氓/恶霸,Locals/local protection money/thugs/bullies,slang,
L774,真係唔易,zan1 hai6 m4 ji6,0,真不容易,that`s rough,Colloquial,
L775,真係唔简单,zan1 hai6 m4 gaan2 daan1,0,真不容易,that`s rough,Colloquial,
L776,難到我囖,naan4 dou2 ngo5 lo1,0,你把我难住了,you got me,Colloquial,
L777,你考起我喇,nei5 haau2 hei2 ngo5 laa3,0,你把我难住了,you got me,Colloquial,
L778,冇搞喇,mou5 gaau2 laa3,1,别闹/别闹了/别,cut it out,Colloquial,
L779,冇搞咁多嘢喇,mou5 gaau2 gam2 do1 je5 laa3,0,别闹/别闹了/别,cut it out,Colloquial,
L780,呢嗰乜嘢嚟咖,nei1 go2 mat1 je5 lai4 gaa3,0,这是什么/这是什么鬼,what the heck,Colloquial,
L781,乜鬼嘢嚟咖,mat1 gwai2 je5 lai4 gaa3,0,这是什么/这是什么鬼,what the heck,Colloquial,
L782,乜Q嘢嚟咖,mat1 Q je5 lai4 gaa3,0,这是什么/这是什么鬼,what the heck,Colloquial,
L783,濕碎,sap1 seoi3,0,小菜一碟/简单啦/小事/简单事情/小事一桩/简单,piece of cake/trivial/bits and pieces/easy/trifle,Colloquial,
L784,濕濕碎,sap1 sap1 seoi3,0,小菜一碟/简单啦/小事/简单事情/小事一桩/简单/sup sup水,piece of cake/trivial/bits and pieces/easy/trifle,Colloquial,
L785,瑣碎,so2 seoi3,0,小菜一碟/简单啦/小事/简单事情/小事一桩/简单,piece of cake/trivial/bits and pieces/easy/trifle,Colloquial,
L786,濕碎嘢,sap1 seoi3 je5,0,小菜一碟/简单啦/小事/简单事情/小事一桩/简单,piece of cake/trivial/bits and pieces/easy/trifle,Colloquial,
L787,小事,siu2 si6,0,小菜一碟/简单啦/小事/简单事情/小事一桩/简单,piece of cake/trivial/bits and pieces/easy/trifle,Formal,
L788,簡單,gaan2 daan1,0,小菜一碟/简单啦/小事/简单事情/小事一桩/简单,piece of cake/trivial/bits and pieces/easy/trifle,Colloquial,
L789,細囈,sai3 ngai1,0,小菜一碟/简单啦/小事/简单事情/小事一桩/简单,a miser/miser,Colloquial,
L790,算死草,syun3 sei2 cou2,0,铁公鸡/抠门/吝啬/寒酸/小气/精明,piece of cake/trivial/bits and pieces/easy/trifle/cheapskate/cent easily/scrooge/stingy,slang,
L791,鐵公雞, tit3 gung1 gai1,0,铁公鸡/抠门/吝啬/寒酸/小气/精明,piece of cake/trivial/bits and pieces/easy/trifle/cheapskate/cent easily/scrooge/stingy,slang,
L792,孤寒鬼,gu1 hon4 gwai2,0,铁公鸡/抠门/吝啬/寒酸/小气鬼,piece of cake/trivial/bits and pieces/easy/trifle/cheapskate/cent easily/scrooge/stingy,Colloquial,
L793,孤寒,gu1 hon4,0,铁公鸡/抠门/吝啬/寒酸/小气,piece of cake/trivial/bits and pieces/easy/trifle/cheapskate/cent easily/scrooge/stingy,Colloquial,
L794,孤鳩寒,gu1 gau1 hon4,1,铁公鸡/抠门/吝啬/寒酸/小气,piece of cake/trivial/bits and pieces/easy/trifle/cheapskate/cent easily/scrooge/stingy,Colloquial,
L795,孤閪寒,gu1 hai1 hon4,1,铁公鸡/抠门/吝啬/寒酸/小气,piece of cake/trivial/bits and pieces/easy/trifle/cheapskate/cent easily/scrooge/stingy,Colloquial,
L796,孤寒佬,gu1 hon4 lou2,0,铁公鸡/抠门/吝啬/寒酸/小气鬼,piece of cake/trivial/bits and pieces/easy/trifle/cheapskate/cent easily/scrooge/stingy,Colloquial,
L797,寒酸,hon4 syun1,0,铁公鸡/抠门/吝啬/寒酸,piece of cake/trivial/bits and pieces/easy/trifle/cheapskate/cent easily/scrooge/stingy,Colloquial,
L798,鐸叔,dok6 suk1,0,铁公鸡/抠门/吝啬/寒酸/小气/精明,piece of cake/trivial/bits and pieces/easy/trifle/cheapskate/cent easily/scrooge/stingy,Colloquial,
L799,計到尽,gai3 dou3 zeon6,0,铁公鸡/抠门/吝啬/寒酸/小气/精明,piece of cake/trivial/bits and pieces/easy/trifle/cheapskate/cent easily/scrooge/stingy,slang,
L800,夠喇,gau3 laa3,0,够了,enough is enough,Colloquial,
L801,夠皮,gau3 pei2,0,足夠/滿足,enough/adequate,Colloquial,
L802,夠皮未？,gau3 pei2 mei6,0,足够了吗/满足了吗,are you ok/Is that enough,Colloquial,
L803,梗係,gang2 hai6,0,当然/那必须的/那必须,sure/ of course/certainly/undoubtedly,Colloquial,
L804,實係,sat6 hai6 ,0,当然/那必须的/那必须,sure/ of course/certainly/undoubtedly,Colloquial,
L805,唔忿氣,m4 fan6 hei3,0,不服输/明知错不认/不认错/死撑,So proud/try to bear/hardly stand for something/So full of himself/Has to save face,Colloquial,
L806,冇嘈,mou5 cou4,0,不要说话/别说话/闭嘴/省省吧/别吵/不要吵/别烦/不要闹/闭嘴/住口,Shut up/Don't argue/Don't bother/Don't make a fuss/Piss off/Knock it off/hush hush/shut your mouth,Colloquial,
L807,冇閪嘈,mou5 hai1 cou4,1,不要说话/别说话/闭嘴/省省吧/别吵/不要吵/别烦/不要闹/闭嘴/住口,Shut up/Don't argue/Don't bother/Don't make a fuss/Piss off/Knock it off/hush hush/shut your mouth,Colloquial,
L808,冇柒嘈,mou5 cat6 cou4,1,不要说话/别说话/闭嘴/省省吧/别吵/不要吵/别烦/不要闹/闭嘴/住口,Shut up/Don't argue/Don't bother/Don't make a fuss/Piss off/Knock it off/hush hush/shut your mouth,Colloquial,
L809,冇撚嘈,mou5  nan2 cou4,1,不要说话/别说话/闭嘴/省省吧/别吵/不要吵/别烦/不要闹/闭嘴/住口,Shut up/Don't argue/Don't bother/Don't make a fuss/Piss off/Knock it off/hush hush/shut your mouth,Colloquial,
L810,冇鳩嘈,mou5 gau1 cou4,1,不要说话/别说话/闭嘴/省省吧/别吵/不要吵/别烦/不要闹/闭嘴/住口,Shut up/Don't argue/Don't bother/Don't make a fuss/Piss off/Knock it off/hush hush/shut your mouth,Colloquial,
L811,手頭緊,sau2 tau4 gan2,0,手头有点紧/手头紧/缺钱/没钱/穷/经济拮据,on a budget/short of money/hard up/short of money/poor,Colloquial,
L812,我手頭緊,ngo5 sau2 tau4 gan2,0,我手头有点紧/我手头紧/我缺钱,I`m on a budget/on a budget/short of money/ hard up/I`m short of money,Colloquial,
L813,我手頭有啲緊,ngo5 sau2 tau4 jau5 di1 gan2,0,我手头有点紧/我手头紧/我缺钱,I`m on a budget/on a budget/short of money/ hard up/I`m short of money,Colloquial,
L814,我手頭有D緊,ngo5 sau2 tau4 jau5 D gan2,0,我手头有点紧/我手头紧/我缺钱,I`m on a budget/on a budget/short of money/ hard up/I`m short of money,Colloquial,
L815,唔​夠錢​使,m4 gau3 cin4 sai2,0,手头有点紧/手头紧/缺钱/没钱/穷/经济拮据,on a budget/short of money/hard up/short of money/poor,Colloquial,
L816,冇​咩​錢,mou5 me1 cin2,0,手头有点紧/手头紧/缺钱/没钱/穷/经济拮据,on a budget/short of money/hard up/short of money/poor,Colloquial,
L817,冇​​錢,mou5 cin2,0,手头有点紧/手头紧/缺钱/没钱/穷/经济拮据,on a budget/short of money/hard up/short of money/poor,Colloquial,
L818,冇银 ,mou5 ngan2,0,手头有点紧/手头紧/缺钱/没钱/穷/经济拮据,on a budget/short of money/hard up/short of money/poor,Colloquial,
L819,冇晒钱,mou5 saai3 cin2,0,钱花光了/全花光/缺钱/没钱/穷/经济拮据/全花没了/破产,All the money is gone/short of money/no money/poor/financially strapped/all gone/bankrupt on a budget/hard up,Colloquial,
L820,手緊,sau2 gan2,0,手头有点紧/手头紧/缺钱/没钱/穷/经济拮据,on a budget/short of money/hard up/short of money/poor,Colloquial,
L821,等錢使,dang2 cin2 sai2,0,手头有点紧/手头紧/缺钱/没钱/穷/经济拮据,on a budget/short of money/hard up/short of money/poor,Colloquial,
L822,我無能為力,ngo5 mou4 nang4 wai4 lik6,0,我无能为力,my hands are tied/hands are tied/helpless/impotent,Formal,
L823,無能為力,mou4 nang4 wai4 lik6,0,我无能为力,my hands are tied/hands are tied/helpless/impotent,Formal,
L824,揸緊车,zaa1 gan2 ce1,0,在开车,Driving,Formal,
L825,过緊嚟,gwo3 gan2 lai4,0,在路上/正在过来,On the way/coming soon,Formal,
L826,整緊路,zing2 gan2 lou6,0,路有个工程/路在施工/路面有施工,There is a project on the road/The road is under construction/The road surface is under construction,Formal,
L827,白菜,baak6 coi3,0,白菜,bok choy/pak choi,Formal,noun
L828,白菜價,aak6 coi3 gaa3,0,白菜价,cabbage price/low price/cheap,Colloquial,
L829,蕹菜,ung3 coi3,0,通心菜,ong choy,Formal,noun
L830,飛天蕹菜,fei1 tin1 ung3 coi3,0,东南亚特色通心菜/飞天通心菜,Stir-fried Water Spinach/Stir-fried Morning Glory,Formal,noun/Dish Name
L831,芫茜,jim4 sai1,0,香菜,coriander,Formal,noun
L832,香茜,hoeng1 sai1,0,香菜,coriander,Formal,noun
L833,芥蘭,gaai3 laan2,0,芥兰,gai lan,Formal,noun
L834,菜心,coi3 sam1,0,菜心,choy sum,Formal,noun
L835,西芹,sai1 kan4,0,芹菜,celery,Formal,noun
L836,芹菜,kan4 coi3,0,芹菜,celery,Formal,noun
L837,蔥,cung1,0,葱/香葱,scallion,Formal,noun
L838,阿支阿左,aa3 zi1 aa3 zo2,0,叽叽歪歪/唧唧歪歪/指手画脚/唠唠叨叨,to gesticulate/to make gestures/naggy/yammering,Colloquial,
L839,米高佐治,mai5 gou1 zo2 zi6,1,走开/起开/滚/一边去,get out of here/fuck off/get lost/get out of here/beat it/get out,Colloquial,
L840,靠害,kaau3 hoi6,0,害人/存心害人/陷害,Harmful/Intentionally Harmful/Framed,Colloquial,
L841,靠害咩,kaau3 hoi6 me1 ,0,害人吗/害死人了/想我死/被你害惨了,Are you trying to harm me / You've killed me / You want me dead/ You've ruined my life,Colloquial,ask
L842,咩,me1,0,什么意思/什么事/有事吗,What does that mean/What's wrong/Is something the matter,Colloquial,ask
L843,咩啊,me1 aa3,0,什么意思/什么事/有事吗,What does that mean/What's wrong/Is something the matter,Colloquial,ask，impatient
L844,咩啊，咩啊，咩啊,me1 aa3，me1 aa3，me1 aa3,0,什么，那又怎么样/那又怎么样/奈我又如何/你想怎么样,What does that mean/What's wrong/Is something the matter,Colloquial,ask
L845,點啊,dim2 aa3,0,怎么样,How about it/How about,Colloquial,ask
L846,點啊，點啊，點啊,dim2 aa3，dim2 aa3，dim2 aa3,0,怎么样，怎么样/你想怎么样,"So, so/What do you want",Colloquial,ask，impatient
L847,嚟啊,lei4 aa3,0,来啊/过来啊/你过来啊,Come here/Come here/Come here,Colloquial,Arrogant
L848,嚟囖,lei4 aa3,0,来吧/放马过来,Come on/Bring it on,Colloquial,Disdain
L849,嚟啊，嚟啊，嚟嚟嚟啊,lei4 aa3，lei4 aa3，lei4 lei4 lei4 aa3,0,有本事你就来/放马过来,Come on/if you dare,Colloquial,Arrogant
L850,喂,wei3,0,喂/你好/不是吧/真的吗/开玩笑的吧/你开玩笑的吧/别,Hello/No way/don`t,Colloquial,
L851,喂啊,wei3 aa3,0,不要这样/不要这样好不好/别搞/别闹/别这样,"Don't do this/Don't do this, okay/Stop it/Stop messing around/Stop doing this/are you joking/seriously",Colloquial,ask，impatient
L852,喂，喂，喂,wei3，wei3，wei3,0,喂/这样不好吧/你这样好吗/不是吧/想怎么样/你想怎么样/真的吗/开玩笑的吧/你开玩笑的吧,"Hey/This isn't good, is it?/Are you sure this is okay?/Really?/What do you want?/What do you want to do?",Colloquial,ask，warn
L853,哎呀,ai1 aa1,0,哎呀/你这小伙子,oops/Oh dear/you young man!,Colloquial,
L854,哎呀，哎呀呀呀，哎呀,ai1 aa1，ai1 aa1 aa1 aa1，ai1 aa1,0,哎呀/你居然/居然/你居然敢这样/敬酒不喝喝罚酒/我不发威不行,"oops/You actually/unexpectedly/How dare you do this/If you refuse a toast, you'll have to drink a penalty shot/I have to show my power.",Colloquial,ask
L855,順攤,seon6 taan1,0,事情意外顺利/顺利/随和的态度/不慌不忙/平稳,an easy going attitude/not fussed/smoothly,slang,
L856,補數,ou2 sou3,0,补数/补偿/ 弥补,complementary numbe/compensation,slang,
L857,彌補,mei4 bou2,0,补数/补偿/ 弥补,complementary numbe/compensation,Formal,
L858,補镬,bou2 wok6,0,补救/补偿/ 弥补/补锅,Remedy/Compensation/Make amends/Repair the pot,slang,
L859,落力,lok6 lik6,0,尽力/加油/认真/勤奋,working hard/exerting effort/to exert oneself/to make an effort,slang,
L860,俾心機,bei2 sam1 gei1,0,尽力/加油/认真/勤奋,working hard/exerting effort/to exert oneself/to make an effort/trying hard,Colloquial,
L861,打牙骹,daa2 ngaa4 gaau3,0,闲聊/开玩笑/闲谈/吹水,"chat/to chat/gossip/to banter/banter/to gossip/ to talk casually/to talk big
talk big/talk casually",slang,
L862,傾閒偈,king1 haan4 gai2,0,闲聊/开玩笑/闲谈/吹水,"chat/to chat/gossip/to banter/banter/to gossip/ to talk casually/to talk big
talk big/talk casually",Colloquial,
L863,吹水,ceoi1 seoi2,0,闲聊/开玩笑/闲谈/吹水,"chat/to chat/gossip/to banter/banter/to gossip/ to talk casually/to talk big
talk big/talk casually",Colloquial,
L864,隨口​噏,ceoi4 hau2 ngap1,0,闲聊/开玩笑/吹水/信口开河/乱说/不负责任的说/随便说说,"chat/to chat/gossip/to banter/banter/to gossip/ to talk casually/to talk big
talk big/talk casually/Speaking carelessly/Talking nonsense/Speaking irresponsibly/Saying whatever comes to mind",Colloquial,
L865,鳩吹,gau1 ceoi1,1,闲聊/开玩笑/吹水/信口开河/乱说/不负责任的说/随便说说,"chat/to chat/gossip/to banter/banter/to gossip/ to talk casually/to talk big
talk big/talk casually/Speaking carelessly/Talking nonsense/Speaking irresponsibly/Saying whatever comes to mind",Colloquial,
L866,打龍通,daa2 lung4 tung1,0,合谋欺骗/陷害某人/设局/制造圈套,to gang up together to trick / set someone up/gang up together to trick,slang,
L867,扯貓尾,ce2 maau1 mei5,0,合谋欺骗/陷害某人/设局/制造圈套,to gang up together to trick / set someone up/gang up together to trick,slang,
L868,唱雙簧,coeng3 soeng1 wong2,0,合谋欺骗/陷害某人/设局/制造圈套,to gang up together to trick / set someone up/gang up together to trick,slang,
L869,夾埋,gaap3 maai4,0,合谋欺骗/陷害某人/设局/制造圈套/一起/连同/同/合共/包括/预先准备好/一共,to gang up together to trick / set someone up/gang up together to trick/Together with/along with/in total/ including/ prepared in advance/total,slang,
L870,夾夾埋埋,gaap3 gaap3 maai4 maai4,0,合谋欺骗/陷害某人/设局/制造圈套/一起/连同/同/合共/包括/预先准备好/一共,to gang up together to trick / set someone up/gang up together to trick/Together with/along with/in total/ including/ prepared in advance/total,slang,
L871,紧,gan2,0,紧/正在进行/紧张/紧急/捉襟见肘/缺钱/资金紧张,tight/urgent/hard up/short of money/tighten/ing,Colloquial,
L872,住,zi6,0,着/住,live/dwell/stay/reside/stop,Colloquial,
L873,咪住,mi1 zyu6,0,等等/慢着/且慢/等一下,hold on/hold it/Wait/Wait a minute,Colloquial,
L874,等陣,dang2 zan6,0,等等/慢着/且慢/等一下,hold on/hold it/Wait/Wait a minute,Colloquial,
L875,咪住先,mi1 zyu6 sin1 ,0,等等/慢着/且慢/等一下,hold on/hold it/Wait/Wait a minute,Colloquial,
L876,一陣,jat1 zan2,0,等等/慢着/且慢/等一下/一会/一会儿/一阵子/一段时间后/迟一点/迟点,Wait/Wait a minute/Please wait/Wait a while/In a little while/A while/After a period of time/Later/Later/a while/a moment/hold on/hold it,Colloquial,
L877,等陣間,dang2 zan6 gaan1,0,等等/慢着/且慢/等一下/一会/一会儿/一阵子/一段时间后/迟一点/迟点,Wait/Wait a minute/Please wait/Wait a while/In a little while/A while/After a period of time/Later/Later/a while/a moment/hold on/hold it,Colloquial,
L878,遲啲,ci4 di1 ,0,等等/慢着/且慢/等一下/一会/一会儿/一阵子/一段时间后/迟一点/迟点,Wait/Wait a minute/Please wait/Wait a while/In a little while/A while/After a period of time/Later/Later/a while/a moment/hold on/hold it,Colloquial,
L879,陣間,zan6 gaan1,0,等等/慢着/且慢/等一下/一会/一会儿/一阵子/一段时间后/迟一点/迟点,Wait/Wait a minute/Please wait/Wait a while/In a little while/A while/After a period of time/Later/Later/a while/a moment/hold on/hold it,Colloquial,
L880,鳩​噏,gau1 ngap1,1,闲聊/开玩笑/吹水/信口开河/乱说/不负责任的说/随便说说,"chat/to chat/gossip/to banter/banter/to gossip/ to talk casually/to talk big
talk big/talk casually/Speaking carelessly/Talking nonsense/Speaking irresponsibly/Saying whatever comes to mind",Colloquial,
L881,大檸樂,daai6 ning4 lok6,0,该死/出大事了/完了/完蛋了/倒霉了/扑街/糟糕了/糟糕/出大事/糟了/惨了,I'm screwed / I'm fucked / I'm doomed / I'm done / I'm finished / I'm toast / it's over / I'm dead / I'm so dead / I'm in trouble / I'm out of luck / down on my luck / I'm totally screwed / I'm completely fucked / I'm in deep trouble / I'm in deep shit / I'm fucked up / I'm done for / I'm finished for / I'm screwed big time / I'm screwed up / oh shit / holy shit / shit / damn it / god damn it / fuck / fuck me / fuck this / what the fuck / what the hell / oh my god / omg,Colloquial,
L882,閪曬,hai1 saai3,1,该死/出大事了/完了/完蛋了/倒霉了/扑街/糟糕了/糟糕/出大事/失败了/糟了/惨了,oh shit / damn / damn it / oh my god / omg / shit / fuck / fucked up / we're screwed / this sucks / what a mess / what the hell / out of luck / down on my luck / this is terrible / this is a disaster,Colloquial,
L883,碌柒,luk1 cat6,1,该死/出大事了/完了/完蛋了/倒霉了/扑街/糟糕了/糟糕/出大事/失败了/糟了,down on one's luck / out of luck / having the worst luck / everything goes wrong / nothing ever works out,Colloquial,
L884,咸濕,haam4 sap1,0,咸湿/好色/色眯眯/色情/很黄/黄,hamsup/horny/lustful/having/obscene/pornographic/prurience/prurient/lecherous,Colloquial,
L885,鹹濕佬,haam4 sap1 lou2,0,咸湿佬/好色男/下流/猥琐男人/色狼/色鬼/好色之徒/,a lecher/a lecherous guy/a creep/a creepy guy/a pervert/a dirty old man/a sleazy guy/a horn dog/a dirty-minded guy,Colloquial,
L886,鹹濕,haam4 sap1,0,咸湿/好色/色眯眯/色情/很黄/黄,hamsup/horny/lustful/having/obscene/pornographic/prurience/prurient/lecherous,Colloquial,
L887,麻甩佬,maa4 lat1 lou2,0,男人/咸湿佬/好色男/下流/猥琐男人/色狼/色鬼/好色之徒/,a man/man/a creep/a creepy guy/ a lecher / a lecherous guy / a pervy guy / a dirty old man / a pig / a gross guy /a disgusting guy/a horny creep/a horn dog,Colloquial,
L888,鹹濕仔,haam4 sap1 zai2,0,咸湿仔/好色男/下流/猥琐男/小色狼/小色鬼/好色之徒,a creep / a creepy guy / a lecher / a lecherous guy / a pervert / a sleazy guy / a dirty-minded guy / a gross guy / a sleazebag / a weirdo / a sexual creep / a disgusting creep,Colloquial,
L889,鹹濕鬼,haam4 sap1 gwai2,0,咸湿佬/好色男/下流/猥琐男人/色狼/色鬼/好色之徒/,a lecher/a lecherous guy/a creep/a creepy guy/a pervert/a dirty old man/a sleazy guy/a horn dog/a dirty-minded guy,Colloquial,
L890,淫蟲,jam4 cung4,0,淫虫/下流/猥琐男人/色狼/色鬼/好色之徒/猥琐女人,a creep /a creepy guy /a pervert /a lecher /a lecherous guy /a sleazy guy /a dirty old man /a dirty-minded guy /a gross guy /a disgusting guy /a sketchy guy /a horny creep,Colloquial,
L891,及,gap6,0,看/和/达到/达到/及时/延长/达到/匹配/赶上/超越,aim/and/to reach/up to/in time for/extend/come up to/to match/to catch up with/to overtake,Colloquial,
L892,喔屌吖,o1 diu2 aa1,1,不是吧/卧槽,omg/oh my god,Colloquial,
L893,几純品,gei1 seon4 ban2,0,挺善良/挺丑的/不漂亮,innocent/pure/naive/Quite ugly/not pretty,Colloquial,evaluate
L894,麥記 ,mak6 gei3,0,麦当劳,McDonalds ,Colloquial,brand
L895,老麥,lou5 mak2 ,0,麦当劳,McDonalds ,Colloquial,brand
L896,M記,M gei3,0,麦当劳,McDonalds ,Colloquial,brand
L897,麥當勞,mak6 dong1 lou4,0,麦当劳,McDonalds ,Colloquial,brand
L898,特登,dak6 dang1,0,故意/特地/刻意/特意,intentionally/deliberately/purposely,Colloquial,
L899,專登,zyun1 dang1,0,故意/特地/刻意/特意,intentionally/deliberately/purposely,Colloquial,
L900,寧舍,ling4 se3,0,尤其/特别/特別​/​並非​一般/零舍/格外/分外,exceptionally/remarkably/very/special,Colloquial,
L901,零舍唔同,ling4 se3 m4 tung4,0,尤其/特别/特別​/​並非​一般/零舍/格外/分外/特别不一样,exceptionally/remarkably/very/special,Colloquial,
L902,撚鳩,nan2 gau1,1,玩/作弄/戏弄/愚弄/玩弄,fuck with/screwing with/messing with/dicking around/idiotic/dumb,Colloquial,
L903,撚鳩我,nan2 gau1 ngo5,1,玩弄我/耍我/玩我/作弄我/戏弄我/愚弄/玩弄,fuck with me/screwing with me/messing with me/dicking around/idiotic/dumb,Colloquial,
L904,玩鳩我,waan2 gau1 ngo5,1,玩弄我/耍我/玩我/作弄我/戏弄我/愚弄/玩弄,fuck with me/screwing with me/messing with me/dicking around/idiotic/dumb,Colloquial,
L905,玩我,waan2 ngo5,0,玩弄我/耍我/玩我/作弄我/戏弄我/愚弄/玩弄,fuck with me/screwing with me/messing with me/dicking around/idiotic/dumb,Colloquial,
L906,整蛊,zing2 gu2 ngo5,0,玩/作弄/戏弄/愚弄/玩弄,fuck with/screwing with/messing with/dicking around/idiotic/dumb,Colloquial,
L907,整蛊我,zing2 gu2 ngo5,0,玩弄我/耍我/玩我/作弄我/戏弄我/愚弄/玩弄,fuck with me/screwing with me/messing with me/dicking around/idiotic/dumb,Colloquial,
L908,媽臭閪,maa1 cau3 hai1,1,马超high/马超hi/妈臭閪/妈臭hi/妈超嗨/马勒戈壁/妈个逼,cunt/smelly vagina/bitch/fuck your mother's cunt/Fuck your mother/fuck your mum/fucking your mum/fu*king your mum/fu*k your mum/Fujian U/fucking your mother/What the fuck/What the fuck/Motherfucker,Colloquial,curse
L909,屌你媽臭閪,diu2 nei5 maa1 cau3 hai1,1,马超high/马超hi/妈臭閪/妈臭hi/妈超嗨/马勒戈壁/妈个逼/叼你/叼你妈/草泥马/草你妈/操你妈,cunt/smelly vagina/bitch/fuck your mother's cunt/Fuck your mother/fuck your mum/fucking your mum/fu*king your mum/fu*k your mum/Fujian U/fucking your mother/What the fuck/What the fuck/Motherfucker,Colloquial,curse
L910,屌你老母臭閪,diu2 nei5 lou5 mou2 cau3 hai1,1,马超high/马超hi/妈臭閪/妈臭hi/妈超嗨/马勒戈壁/妈个逼/叼你/叼你妈/草泥马/草你妈/操你妈,cunt/smelly vagina/bitch/fuck your mother's cunt/Fuck your mother/fuck your mum/fucking your mum/fu*king your mum/fu*k your mum/Fujian U/fucking your mother/What the fuck/What the fuck/Motherfucker,Colloquial,curse
L911,放飛機,fong3 fei1 gei2,0,放鸽子/爽约/失约,to fail to honor an agreement/stand me up/there is no show/he stood me up/ghosted/no show/ffk/ppk/bail on me/,Colloquial,
L912,失约,sat1 joek3,0,放鸽子/爽约/失约,to fail to honor an agreement/stand me up/there is no show/he stood me up/ghosted/no show/ffk/ppk/bail on me/,Colloquial,
L913,甩底,lat1 dai2,0,放鸽子/爽约/失约,to fail to honor an agreement/stand me up/there is no show/he stood me up/ghosted/no show/ffk/ppk/bail on me/,Colloquial,
L914,藞苴,laa5 zaa2,0,肮脏/卑劣/不干净/不折手段/不检点/邋遢/不卫生,Dirty/despicable/unclean/unscrupulous/immoral/dirty tricks/Sloppy/Unsanitary,slang,
L915,嗱渣,laa5 zaa2,0,肮脏/卑劣/不干净/不折手段/不检点/邋遢/不卫生,Dirty/despicable/unclean/unscrupulous/immoral/dirty tricks/Sloppy/Unsanitary,slang,
L916,揦鲊,laa5 zaa2,0,肮脏/卑劣/不干净/不折手段/不检点/邋遢/不卫生,Dirty/despicable/unclean/unscrupulous/immoral/dirty tricks/Sloppy/Unsanitary,slang,
L917,污糟,wu1 zou1,0,不讲卫生/不干净/不整洁/肮脏/邋遢/不卫生,Unsanitary/unclean/untidy/dirty/slovenly/unhygienic/filthy/unhygienic/squalid,Colloquial,
L918,邋遢,laap6 taat3,0,不讲卫生/不干净/不整洁/肮脏/邋遢/不卫生,Unsanitary/unclean/untidy/dirty/slovenly/unhygienic/filthy/unhygienic/squalid,Colloquial,
L919,揦鮓手段,laa5 zaa2 sau2 dyun6,0,肮脏/卑劣/不干净/不折手段/不检点,Dirty/despicable/unclean/unscrupulous/immoral/dirty tricks,slang,
L920,輘輷,ging2 gwang2,0,蹊跷/不测/暧昧/不对劲/有问题/有猫腻/内幕/可疑/可以的/不靠谱/,Suspicious/Unexpected/Ambiguous/Something's not right/There's a problem/Something fishy is going on/inside story/problems/fishy/dodgy/fishiness,slang,
L921,景轟,ging2 gwang2,0,蹊跷/不测/暧昧/不对劲/有问题/有猫腻/内幕/可疑/可以的/不靠谱/,Suspicious/Unexpected/Ambiguous/Something's not right/There's a problem/Something fishy is going on/inside story/problems/fishy/dodgy/fishiness,slang,
L922,有景轟,jau6 ging2 gwang2,0,蹊跷/不测/暧昧/不对劲/有问题/有猫腻/内幕/可疑/可以的/不靠谱/,Suspicious/Unexpected/Ambiguous/Something's not right/There's a problem/Something fishy is going on/inside story/problems/fishy/dodgy/fishiness,Colloquial,
L923,就手,zau6 sau2,0,方便/便利/好使/随手/顺带/省事,handy/convenient,Colloquial,
L924,唔就手,m4 zau6 sau2,0,不方便/不便利/不好使,Inconvenient/Not convenient/Difficult to use,Colloquial,
L925,但求就手,daan6 kau4 zau6 sau2,0,为了方便/只求方便/省事,For convenience / Simply for convenience / To save trouble,Colloquial,
L926,唔理好丑，但求就手,m4 lei5 hou2 cau2 ， daan6 kau4 zau6 sau2,0,不管好坏，只要方便/不理好与不好,"Regardless of whether it's good or bad, as long as it's convenient / without considering whether it's good or bad.",slang,
L927,攝牙罅,sip3 ngaa4 laa3,0,塞牙缝/不满足/不足够/不知足/不满意/勉强够吃,something that is very little/not enough/profit than expected/Not satisfied,slang,
L928,唔理,m4 lei5,0,不管/无论,in spite of/Regardless of / No matter,Colloquial,
L929,定係,ding6 hai6,0,还是/或者,still/or,Colloquial,
L930,都,dou1,0,都/都是,All of them/both/all,Colloquial,
L931,抑或,jik1 waak6,0,还是/或者,still/or,Colloquial,
L932,還是,waan4 si6,0,还是/或者,still/or,Colloquial,
L933,定還是,ding6 waan4 si6,0,还是/或者,still/or,Colloquial,
L934,抑或係,jik1 waak6 hai6,0,还是/或者,still/or,Colloquial,
L935,乞米,aat1 mai5,0,乞求/讨饭,to beg/literally,Colloquial,
L936,乞食,at1 sik6,0,要饭/乞丐/讨饭,to beg/begging / beggar,Colloquial,
L937,乞兒佬,hat1 ji4 lou2,0,要饭/乞丐/讨饭/化子,to beg/begging / beggar,Colloquial,
L938,乞兒,hat1 ji4,0,要饭/乞丐/讨饭/化子,to beg/begging / beggar,Colloquial,
L939,乞米仔,hat1 mai5 zai2,0,要饭/乞丐/讨饭/化子,to beg/begging / beggar,Colloquial,
L940,枕住,zam2 zyu6,0,一直/长期/经常/常常,often/always/consistently/time after time/again and again/long term/long time/long range,Colloquial,
L941,經常,ging1 soeng4,0,一直/长期/经常/常常,often/always/consistently/time after time/again and again/long term/long time/long range,Formal,
L942,長期,coeng4 kei4,0,一直/长期/经常/常常,often/always/consistently/time after time/again and again/long term/long time/long range,Formal,
L943,成日,sing4 jat6,0,一直/长期/经常/常常,often/always/consistently/time after time/again and again/long term/long time/long range,Colloquial,
L944,成撚日,sing4 nan2 jat6,1,一直/长期/经常/常常,often/always/consistently/time after time/again and again/long term/long time/long range,Colloquial,
L945,成鳩日,sing4 kau2 jat6,1,一直/长期/经常/常常,often/always/consistently/time after time/again and again/long term/long time/long range,Colloquial,
L946,成閪日,sing4 hai1 jat6,1,一直/长期/经常/常常,often/always/consistently/time after time/again and again/long term/long time/long range,Colloquial,
L947,經鳩常,ging1 kau2 soeng4,1,一直/长期/经常/常常,often/always/consistently/time after time/again and again/long term/long time/long range,Colloquial,
L948,時不時,si4 bat1 si4,0,有时/有时候/偶然/偶而,often/frequently/time and time again/at times/sometimes/occasionally,Colloquial,
L949,耐唔耐,noi6 m4 noi6,0,有时/有时候/偶然/偶而,often/frequently/time and time again/at times/sometimes,Colloquial,
L950,久唔久,gau2 m4 gau2 ,0,有时/有时候/偶然/偶而,often/frequently/time and time again/at times/sometimes,Colloquial,
L951,耐唔久,noi6 m4 gau2 ,0,有时/有时候/偶然/偶而,often/frequently/time and time again/at times/sometimes,Colloquial,
L952,有陣時,jau5 zan6 si2,0,有时/有时候/偶然/偶而,often/frequently/time and time again/at times/sometimes,Colloquial,
L953,一時時,jat1 si2 si4,0,有时/有时候/偶然/偶而,often/frequently/time and time again/at times/sometimes,Colloquial,
L954,一時,jat1 si2 ,0,有时/有时候/偶然/偶而,often/frequently/time and time again/at times/sometimes,Colloquial,
L955,间中,gaan1 zung1,0,有时/有时候/偶然/偶而,often/frequently/time and time again/at times/sometimes/now and then/rarely,Colloquial,
L956,间唔中,gaan1 m4 zung1,0,有时/有时候/偶然/偶而,often/frequently/time and time again/at times/sometimes/now and then/rarely,Colloquial,
L957,有陣仔,jau5 zan6 zai2,0,有时/有时候/偶然/偶而,often/frequently/time and time again/at times/sometimes,Colloquial,
L958,有時,jau5 si2,0,有时/有时候/偶然/偶而,often/frequently/time and time again/at times/sometimes,Formal,
L959,梗係得喇,gang2 hai6 dak1 laa3,0,当然可以,by all means/sure/of course,Colloquial,
L960,執生,zap1 saang1,0,见机行事/随机应变/应变/看着办,play it by ear/impromptu,Colloquial,
L961,臨場發揮,lam4 coeng4 faat3 fai1,0,临场发挥,impromptu performance/impromptu,Colloquial,
L962,認親認戚,jing6 can1 jing6 cik1,0,假装很熟/拉关系/装熟,suck up/cotton up /to cosy up to,Colloquial,
L963,拉關係,laai1 gwaan1 hai6,0,假装很熟/拉关系/装熟,suck up/cotton up /to cosy up to,Colloquial,
L964,輸蝕,syu1 sit6,0,吃亏/逊色/占便宜,lose out/miss out/Disadvantage/Inferiority,Colloquial,
L965,蝕底,sik6 dai2,0,吃亏/逊色/占便宜,lose out/miss out/Disadvantage/Inferiority,Colloquial,
L966,醒目,sing2 muk6,0,聪明/机灵,smart,Colloquial,
L967,醒目仔,sing2 muk6 zai2 ,0,聪明人/小机灵/机灵鬼,clever boy/smart boy/smat kidd,Colloquial,
L968,醒目女,sing2 muk6 neoi2,0,聪明人/小机灵/机灵鬼,clever girl/smart girl,Colloquial,
L969,醒目啲,sing2 muk6 di1,0,机灵点/聪明点/机灵一点/聪明一点,smart,Colloquial,
L970,話頭醒尾,waa6 tau4 sing2 mei5,0,聪明/机灵,smart,Colloquial,
L971,你話乜,nei5 waa6 mat1,0,你说什么,What did you say/What do you say,Colloquial,ask
L972,你講咩,nei5 gong2 me1,0,你说什么/你讲什么,What did you say/What do you say,Colloquial,ask
L973,你講乜,nei5 gong2 mat1,0,你说什么/你讲什么,What did you say/What do you say,Colloquial,ask
L974,你講乜撚嘢,nei5 gong2 me1 nan2 je5,1,你说什么/你讲什么,What did you say/What do you say/what the fuck are you talking about,Colloquial,ask
L975,你講乜春嘢,nei5 gong2 me1 ceon1 je5,0,你说什么/你讲什么,What did you say/What do you say/what the fuck are you talking about,Colloquial,ask
L976,你講乜鳩嘢,nei5 gong2 me1 kau2 je5,1,你说什么/你讲什么,What did you say/What do you say/what the fuck are you talking about,Colloquial,ask
L977,乜春,mat1 ceon1,0,什么意思/什么事/有事吗,what's up/what/what the hell/What does that mean/What's wrong/Is something the matter,Colloquial,ask
L978,乜撚,mat1 nan2,1,什么意思/什么事/有事吗,what's up/what/what the hell/What does that mean/What's wrong/Is something the matter,Colloquial,ask
L979,乜撚吖,mat1 nan2 aa1,1,什么意思/什么事/有事吗,what's up/what/what the hell/What does that mean/What's wrong/Is something the matter,Colloquial,ask
L980,乜鳩,mat1 kau2,1,什么意思/什么事/有事吗,what's up/what/what the hell/What does that mean/What's wrong/Is something the matter,Colloquial,ask
L981,乜鳩吖,mat1 kau2 aa1,1,什么意思/什么事/有事吗,what's up/what/what the hell/What does that mean/What's wrong/Is something the matter,Colloquial,ask
L982,乜柒,mat1 cat6,1,什么意思/什么事/有事吗,what's up/what/what the hell/What does that mean/What's wrong/Is something the matter,Colloquial,ask
L983,乜柒吖,mat1 cat6 aa1,1,什么意思/什么事/有事吗,what's up/what/what the hell/What does that mean/What's wrong/Is something the matter,Colloquial,ask
L984,乜閪,mat1 hai1,1,什么意思/什么事/有事吗,what's up/what/what the hell/What does that mean/What's wrong/Is something the matter,Colloquial,ask
L985,乜閪吖,mat1 hai1 aa1,1,什么意思/什么事/有事吗,what's up/what/what the hell/What does that mean/What's wrong/Is something the matter,Colloquial,ask
L986,你噏乜,nei5 ngap1 mat1,0,你说什么/你讲什么,What did you say/What do you say/what the fuck are you talking about,Colloquial,ask
L987,你噏咩,nei5 ngap1 me1,1,你说什么/你讲什么,What did you say/What do you say/what the fuck are you talking about,Colloquial,ask
L988,你噏乜鳩,nei5 ngap1 me1 kau2 ,1,你说什么/你讲什么,What did you say/What do you say/what the fuck are you talking about,Colloquial,ask
L989,你噏乜撚,nei5 ngap1 me1 nan2,1,你说什么/你讲什么,What did you say/What do you say/what the fuck are you talking about,Colloquial,ask
L990,你噏乜閪,nei5 ngap1 me1 hai1,1,你说什么/你讲什么,What did you say/What do you say/what the fuck are you talking about,Colloquial,ask
L991,你噏乜柒,nei5 ngap1 me1 cat6,1,你说什么/你讲什么,What did you say/What do you say/what the fuck are you talking about,Colloquial,ask
L992,好耐冇見,hou3 noi6 mou5 gin3,0,好久不见/很久不见,long time no see,Colloquial,
L993,好閪耐冇見,hou3 hai1 noi6 mou5 gin3,1,好久不见/很久不见,long time no see,Colloquial,
L994,唔使擔心,m4 sai2 daam1 sam1,0,不用担心/别担心/少担心,Don't worry,Colloquial,
L995,落膈,lok6 gaak3 ,0,挪用公款/偷钱/私吞/私吞公款,embezzlement/to embezzle/embezzle funds/Steal money/Embezzlement/misappropriation of public funds,slang,
L996,捞松,laau1 sung1,0,老兄/外地人,outsider,slang,
L997,著緊衫,zyu3 gan2 saam1,0,正在穿衣服/准备出门/在路上,Getting dressed / Getting ready to go out / On the way,Colloquial,Behavior/Status
L1126,臨時開張,lam4 si4 hoi1 zoeng1,0,临时开店/林时开张/林家谦时开张敬轩/临时开店/临时开业,Temporary store opening/Soft opening,Colloquial,
,,,,,,,
L1000,閪咗,hai1 zo2,1,该死/出大事了/完了/完蛋了/倒霉了/扑街/糟糕了/糟糕/出大事/失败了,oh shit / damn / damn it / oh my god / omg / shit / fuck / fucked up / we're screwed / this sucks / what a mess / what the hell / out of luck / down on my luck / this is terrible / this is a disaster,Colloquial,
L1001,衰咗,seoi1 zo2,0,该死/出大事了/完了/完蛋了/倒霉了/扑街/糟糕了/糟糕/出大事/失败了,oh shit / damn / damn it / oh my god / omg / shit / fuck / fucked up / we're screwed / this sucks / what a mess / what the hell / out of luck / down on my luck / this is terrible / this is a disaster,Colloquial,
L1002,做錯​嘢,zou6 co3 je5,0,该死/出大事了/完了/完蛋了/倒霉了/扑街/糟糕了/糟糕/出大事/失败了/做错事/倒霉,oh shit / damn / damn it / oh my god / omg / shit / fuck / fucked up / we're screwed / this sucks / what a mess / what the hell / out of luck / down on my luck / this is terrible / this is a disaster,Colloquial,
L1003,好笑,hou2 siu3,0,搞笑/好笑/荒谬,unbelievable/funny/hilarious/ridiculous/laughable/amusing/entertaining/interesting,Colloquial,
L1004,無厘頭,mou4 lei4 tau4,0,真的想不到/搞笑/好笑/荒谬/无厘头,unbelievable/funny/hilarious/ridiculous/laughable/amusing/entertaining/interesting,Colloquial,
L1005,咪使旨意,mai5 sai2 zi2 ji3,0,想都别想/没门/没门儿/咪使指意/别想,to not bank on/to not hope for/to not even think about it/no way,Colloquial,warn
L1006,咪指意,mai5 zi2 ji3,0,想都别想/没门/没门儿/咪使指意/别想,to not bank on/to not hope for/to not even think about it/no way,Colloquial,warn
L1007,唔使旨意,m4 sai2 zi2 ji3,0,想都别想/没门/没门儿/唔使指意/别想,to not bank on/to not hope for/to not even think about it/no way,Colloquial,warn
L1008,慳啲啦,haan1 di1 laa1,0,想都别想/没门/没门儿/唔使指意/省点钱/节省点/不要乱花钱/别想,to not bank on/to not hope for/to not even think about it/no way/Save some money.,Colloquial,warn
L1009,慳翻啖氣,haan1 faan1 daam6 hei3,0,算了吧/没门/省点气吧你,Forget it/No way,Colloquial,
L1010,諗都唔好諗,nam2 dou1 mou2 lam2,0,想都别想/没门/没门儿/唔使指意/别想,to not bank on/to not hope for/to not even think about it/no way,Colloquial,
L1011,諗多咗,nam2 do1 zo2,0,想多了/想太多了/想了太多/多想了,You're overthinking it.,Colloquial,
L1012,諗得太多,nam2 dak1 taai3 do1,0,想多了/想太多了/想了太多/多想了,You're overthinking it.,Colloquial,
L1013,想創你,soeng2 cong3 nei5,0,想都别想/没门/没门儿/唔使指意/别想,to not bank on/to not hope for/to not even think about it/no way,Colloquial,
L1014,食懵你,sik6 mung2 nei5,0,傻了/疯了/糊涂了/不是吧/神经病/没事吧,Crazy / Insane / Confused / No way / Mentally ill / Are you okay,Colloquial,
L1015,食懵咗,sik6 mung2 zo2,0,傻了/疯了/糊涂了/不是吧/神经病/没事吧,Crazy / Insane / Confused / No way / Mentally ill / Are you okay,Colloquial,
L1016,冇得傾,mou5 dak1 king1,0,想都别想/没门/没门儿/别想/面谈/绝对不行,to not bank on/to not hope for/to not even think about it/no way/no,Colloquial,
L1017,發夢喇你,faat3 mung6 laa1 nei5,0,想都别想/没门/没门儿/别想/面谈/绝对不行/作梦吧你,to not bank on/to not hope for/to not even think about it/no way/no,Colloquial,
L1018,崩沙,bang1 saa1,0,蝴蝶/大蝴蝶,Beng Sha/big butterfly,Colloquial,
L1019,崩沙腩,bang1 saa1 naam5,0,蝴蝶腩/牛腩,skirt steak/beef brisket,Colloquial,
L1020,崩砂腩,bang1 saa1 naam5,0,蝴蝶腩/牛腩,skirt steak/beef brisket,Colloquial,
L1021,爽腩,song2 naam5,0,蝴蝶腩/牛腩,skirt steak/beef brisket,Colloquial,
L1022,牛白腩,ngau4 baak6 naam5,0,蝴蝶腩/牛腩,skirt steak/beef brisket,Colloquial,
L1023,冬陰功,dung1 jam1 gung1,0,冬阴功/酸辣虾汤,Tom Yum Kung,Colloquial,Dish name
L1024,大步檻過,daai6 bou6 laam3 gwo3,0,很快没事/化解危机/度过危机/渡过难关/挺过来了/跨过难关,Overcome the difficulties/made it through/Overcoming difficulties,slang,
L1025,毛管戙,mou4 gun2 dung6,0,鸡皮疙瘩/肉麻/恶心/起鸡皮/毛骨悚然,feel creepy/goosebumps,Colloquial,physiological response
L1026,起雞皮,hei2 gai1 pei4,0,鸡皮疙瘩/肉麻/恶心/起鸡皮/毛骨悚然,feel creepy/goosebumps,Colloquial,physiological response
L1027,棟高腳,dung6 gou1 goek3,0,抬腿/翘着二郎腿/二郎腿/立腿,raising one's leg/crossing one's legs/crossed legs/under of a bridge,Colloquial,Body language
L1028,橋腳,kiu4 goek3,0,抬腿/翘着二郎腿/二郎腿/立腿,raising one's leg/crossing one's legs/crossed legs/under of a bridge,Colloquial,Body language
L1029,極力子,gik6 lik1 zi2,0,离合器/极力子,clutch,Colloquial,Automotive parts
L1030,俾人,bei2 jan4,0,给人/被人,By others/To give to others,Colloquial,
L1031,畀人,bei2 jan4,0,给人/被人,By others/To give to others,Colloquial,
L1032,隨便,ceoi4 pin2,0,随便/草率/随意/粗心/轻易,casually/informally/randomly/easily/carelessly,Colloquial,
L1033,是旦,si6 daan6,0,随便/草率/随意/粗心/轻易,casually/informally/randomly/easily/carelessly,Colloquial,
L1034,輕易,hing1 ji6,0,随便/草率/随意/粗心/轻易,casually/informally/randomly/easily/carelessly,Colloquial,
L1035,求其,kau4 kei4,0,随便/草率/随意/粗心/无所谓/没要求/马虎,casually/informally/randomly/easily/carelessly/whatever,Colloquial,
L1036,亂鳩咁嚟,lyun6 gau1 gam2 lai4,1,随便/草率/随意/粗心/轻易/乱来,casually/informally/randomly/easily/carelessly,Colloquial,
L1037,得唔得,dak1 m4 dak1 ,0,行不行,are you ok/Is it okay/Can you do it,Colloquial,
L1038,唔好,m4 hou3,0,不/不要,no/don't,Colloquial,
L1039,唔得,m4 dak1 ,0,不行,no way,Colloquial,
L1040,咪撚,mai1 nan2,1,不/不要,no/don't,Colloquial,
L1041,咪鳩,mai1 gam2,1,不/不要,no/don't,Colloquial,
L1042,阿婆寫文章,aa3 po4 se2 man4 zoeng1,0,编造/虚构/胡说/乱写/胡说八道/瞎编,faking/make up,Chinese proverbs ,
L1043,阿婆走得快，一定有古怪,aa3 po4 zau2 dak1 faai3 ， jat1 ding6 jau5 gu2 gwaai3,0,一定有问题/总感觉不对劲,something must be odd,Chinese proverbs ,
L1044,潮州佬拉二胡，自己顾自己,"ciu4 zau1 lou2 laai1 ji6 wu4, zi6 gei2 gu3 zi6 gei2",0,自私/自己处理,Selfish/Handle it yourself,Chinese proverbs ,
L1045,豉油辣椒醬，你想點就點,si6 jau4 laat6 ziu1 zoeng3，nei5 soeng2 dim2 zau6 dim2 ,0,想怎样就怎样,Do whatever you want.,Chinese proverbs ,
L1046,神台貓屎，神憎鬼厭,"san4 toi4 maau1 si2, san4 zang1 gwai2 jim3",0,讨人厌/讨厌鬼/神憎鬼厌,jerk/disgusting,Chinese proverbs ,
L1047,九乘九,gau2 sing4 gau2,0,十有八九/绝对,ten to one/most; mostly; the majority,Colloquial,
L1048,放圮,fong3 pe5,0,摆烂/放pea/躺平/放弃/放弃治疗/消极/懒散,give up/I don`t care anymore/I`m done/checked out/whatever/over it/slack off,Colloquial,state
L1049,攤屍,taan1 si1,0,摆烂/放pea/躺平/放弃/放弃治疗/消极/懒散,give up/I don`t care anymore/I`m done/checked out/whatever/over it/slack off,Colloquial,state
L1050,拼䠋,pun2 pe5,0,摆烂/放pea/躺平/放弃/放弃治疗/消极/懒散,give up/I don`t care anymore/I`m done/checked out/whatever/over it/slack off,Colloquial,state
L1051,擦鞋仔,caat3 haai4 zai2,0,擦鞋仔/马屁精/拍马屁/奉承者/帮人擦鞋,kissass/brown noser/flatterer/sycophant,Colloquial,state/Profession
L1052,擦鞋,caat3 haai4 ,0,拍马屁/奉承/擦鞋,flatter/bootlick/toady,Colloquial,state/Behavior
L1053,舐屎眼,laai2 si2 ngaan5,0,拍马屁/奉承/擦鞋,flatter/bootlick/toady,slang,state
L1054,發脾氣,faat3 pei4 hei3,0,发疯/抓狂/疯掉/耍脾气/生气,manic/go mad/Get mad/Pissed off,Colloquial,Emotional expression
L1055,閪口閪面,hai1 hau2 hai1 min6,1,黑脸/生气/不爽,bitch faced/angry/unhappy,Colloquial,Emotional state
L1056,發脾四,faat3 pei4 sei3,0,发疯/抓狂/疯掉/耍脾气/生气,manic/go mad/Get mad/Pissed off,Colloquial,Emotional expression
L1057,發老脾,faat3 lou5 pei2,0,发疯/抓狂/疯掉/耍脾气/生气,manic/go mad/Get mad/Pissed off,Colloquial,Emotional expression
L1058,發爛渣,faat3 laan6 zaa1,0,发疯/抓狂/疯掉/耍脾气/生气,manic/go mad/Get mad/Pissed off,Colloquial,Emotional expression
L1059,發狼戾,faat3 long1 lai2,0,发疯/抓狂/疯掉/耍脾气/生气,manic/go mad/Get mad/Pissed off,Colloquial,Emotional expression
L1060,掬氣,guk1 hei3,0,生气/憋气/受气,angry/moody,Colloquial,Emotional expression
L1061,發啷厲,faat3 long1 lai2,0,发疯/抓狂/疯掉/耍脾气/生气,manic/go mad/Get mad/Pissed off,Colloquial,Emotional expression
L1062,忟薑,mang2 goeng1,0,情绪低/容易发脾气的人,loose the temper/angry/unhappy,Colloquial,Emotional state
L1063,成嚿忟薑咁,sing4 gau6 mang2 goeng1 gam2,0,情绪低/像个容易发脾气的人,loose the temper/angry/unhappy,Colloquial,Emotional state
L1064,發忟憎,faat3 mang2 zang2 ,0,发疯/抓狂/疯掉/耍脾气/生气/情绪失控,manic/go mad/Get mad/Pissed off,Colloquial,Emotional expression
L1065,發𤷪𤺧,faat3 mang2 zang2 ,0,发疯/抓狂/疯掉/耍脾气/生气/情绪失控,manic/go mad/Get mad/Pissed off,Colloquial,Emotional expression
L1066,走漏,zau2 lau6,0,揭发/披露/曝光/暴露/揭露,expose/uncover/unmask/reveal/disclosure,Colloquial,describe
L1067,篤爆,duk1 baau3,0,揭发/披露/曝光/暴露/揭露,expose/uncover/unmask/reveal/disclosure,Colloquial,describe
L1068,講穿,gong2 cyun1 ,0,揭发/披露/曝光/暴露/揭露,expose/uncover/unmask/reveal/disclosure,Colloquial,describe
L1069,揭穿,kit3 cyun1,0,揭发/披露/曝光/暴露/揭露,expose/uncover/unmask/reveal/disclosure,Colloquial,describe
L1070,揭發,kit3 faat3 ,0,揭发/披露/曝光/暴露/揭露,expose/uncover/unmask/reveal/disclosure,Colloquial,describe
L1071,洩露,sit3 lou6,0,揭发/披露/曝光/暴露/揭露,expose/uncover/unmask/reveal/disclosure,Colloquial,describe
L1072,洩漏,sit3 lau6,0,揭发/披露/曝光/暴露/揭露,expose/uncover/unmask/reveal/disclosure,Colloquial,describe
L1073,踢爆,tek3 baau3,0,揭发/披露/曝光/暴露/揭露,expose/uncover/unmask/reveal/disclosure,Colloquial,describe
L1074,誣蔑,mou4 mit6,0,诽谤/诋毁/泼脏水,slander/libel,Colloquial,describe
L1075,毀謗,wai2 pong5,0,诽谤/诋毁/泼脏水,slander/libel,Colloquial,describe
L1076,讒害,caam4 hoi6,0,诽谤/诋毁/泼脏水,slander/libel,Colloquial,describe
L1077,赖,laai6,0,责怪/赖皮/违背/否认/赖账/责备,blame/rascally/renege,Colloquial,describe
L1078,栽贓嫁祸,caap3 zong1 gaa3 wo6,0,陷害别人/泼脏水/设局陷害/嫁祸他人,framing someone/frame/set someone up,Formal,describe
L1079,咪嘈,mai5 cou4,0,不要说话/别说话/闭嘴/省省吧/别吵/不要吵/别烦/不要闹/闭嘴/住口,Shut up/Don't argue/Don't bother/Don't make a fuss/Piss off/Knock it off/hush hush/shut your mouth,Colloquial,
L1080,咪撚嘈,mai5 nan2 cou4,1,不要说话/别说话/闭嘴/省省吧/别吵/不要吵/别烦/不要闹/闭嘴/住口,Shut up/Don't argue/Don't bother/Don't make a fuss/Piss off/Knock it off/hush hush/shut your mouth,Colloquial,
L1081,唔好嘈,m4 hou3 cou4,0,不要说话/别说话/闭嘴/省省吧/别吵/不要吵/别烦/不要闹/闭嘴/住口,Shut up/Don't argue/Don't bother/Don't make a fuss/Piss off/Knock it off/hush hush/shut your mouth,Colloquial,
L1082,唔好講嘢,m4 hou3 gong2 je5,0,不要说话/别说话/闭嘴/省省吧/别吵/不要吵/别烦/不要闹/闭嘴/住口,Shut up/Don't argue/Don't bother/Don't make a fuss/Piss off/Knock it off/hush hush/shut your mouth,Colloquial,
L1083,冇講嘢,mou5 gong2 je5,0,不要说话/别说话/闭嘴/省省吧/别吵/不要吵/别烦/不要闹/闭嘴/住口,Shut up/Don't argue/Don't bother/Don't make a fuss/Piss off/Knock it off/hush hush/shut your mouth,Colloquial,
L1084,咪講嘢,mai5 gong2 je5,0,不要说话/别说话/闭嘴/省省吧/别吵/不要吵/别烦/不要闹/闭嘴/住口/咪讲嘢,Shut up/Don't argue/Don't bother/Don't make a fuss/Piss off/Knock it off/hush hush/shut your mouth,Colloquial,
L1085,咪出聲,mai5 ceot1 sing1,0,不要说话/别说话/闭嘴/省省吧/别吵/不要吵/别烦/不要闹/闭嘴/住口/咪出声,Shut up/Don't argue/Don't bother/Don't make a fuss/Piss off/Knock it off/hush hush/shut your mouth,Colloquial,
L1086,冇出聲,mou5 ceot1 sing1,0,不要说话/别说话/闭嘴/省省吧/别吵/不要吵/别烦/不要闹/闭嘴/住口/冇出声,Shut up/Don't argue/Don't bother/Don't make a fuss/Piss off/Knock it off/hush hush/shut your mouth,Colloquial,
L1087,唔好出聲,m4 hou3 ceot1 sing1,0,不要说话/别说话/闭嘴/省省吧/别吵/不要吵/别烦/不要闹/闭嘴/住口/唔好出声,Shut up/Don't argue/Don't bother/Don't make a fuss/Piss off/Knock it off/hush hush/shut your mouth,Colloquial,
L1088,冇柒出聲,mou5 cat6 ceot1 sing1,1,不要说话/别说话/闭嘴/省省吧/别吵/不要吵/别烦/不要闹/闭嘴/住口/冇7出声,Shut up/Don't argue/Don't bother/Don't make a fuss/Piss off/Knock it off/hush hush/shut your mouth,Colloquial,
L1089,講呢啲,gong2 nei1 dik6,0,那么客气干什么/讲呢D,Why be so polite,Colloquial,Catchphrase
L1090,冇鬼出聲,mou5 gwai2 ceot1 sing1,0,不要说话/别说话/闭嘴/省省吧/别吵/不要吵/别烦/不要闹/闭嘴/住口/冇7出声,Shut up/Don't argue/Don't bother/Don't make a fuss/Piss off/Knock it off/hush hush/shut your mouth,Colloquial,
L1091,弊,bai6,0,该死/出大事了/跌倒/王八蛋/完了/完蛋了/倒霉了/扑街/糟糕了/糟糕/出大事/失败了/玩完/糟了/弊,I'm screwed/I'm fucked/I'm doomed/I'm done/I'm finished/I'm toast/it's over/I'm in trouble/I'm dead/I'm so dead/I'm out of luck/down on my luck /bad luck/unlucky/shit/oh shit/holy shit/damn/god damn it/damn it/fuck /fuck me/fuck this/oh my god/omg/what the hell/what the fuck,Colloquial,Catchphrase
L1092,大劑,daai6 zai1,0,该死/出大事了/完了/完蛋了/倒霉了/扑街/糟糕了/糟糕/出大事/出事了/糟了/惨了,Oh shit/oh no/This is fucked up/We’re fucked/We’re in trouble/,Colloquial,Catchphrase
L1093,唔係你估,m4 hai6 nei5 gu2,0,不然你以为呢/唔系你古,What do you think,Colloquial,Catchphrase
L1094,你理得我吖,nei5 lei5 dak1 ngo5 aa3,0,你管我/你理得我啊,Don't worry about me,Colloquial,Catchphrase
L1095,都喺果句,dou1 hai2 gwo2 geoi3,0,还是那句话/都系果句,As I said before,Colloquial,Catchphrase
L1096,心翳,sam1 ai3,0,心塞/胸闷/有心事/不痛快,uncomfortable/hard feelings/chest pain/chest distress,Colloquial,Feeling
L1097,心口翳,sam1 hau2 ai3,0,心塞/胸闷/有心事/不痛快,uncomfortable/hard feelings/chest pain/chest distress,Colloquial,Feeling
L1098,胸悶,hung1 mun6,0,心塞/胸闷/有心事/不痛快,uncomfortable/hard feelings/chest pain/chest distress,Colloquial,Feeling
L1099,心噏,sam1 ai3,0,心塞/胸闷/有心事/不痛快/,uncomfortable/hard feelings/chest pain/chest distress,Colloquial,Feeling
L1100,斷正,tyun5 zeng3,0,做错事/被揭发/被穿帮/被抓包/被逮个正着/被抓个正着/正好被人发现/正好被人抓住/刚好让人给抓到/活该,mistake/caught dead/Exposed/Caught red handed/deserve it,Colloquial,
L1101,報應,bou3 jing3,0,因果报应/报应,karma/retribution,Colloquial,
L1102,現眼報,jin6 ngaan5 bou3,0,因果报应/报应,karma/retribution,Colloquial,
L1103,惡有惡報,ok3 jau5 ok3 bou3,0,因果报应/报应,karma/retribution,Colloquial,
L1104,五雷轟頂,ng5 leoi4 gwang1 ding2,0,因果报应/报应,karma/retribution,slang,
L1105,生仔冇屎窟 ,sang1 zai2 mou5 si2 fat1,0,因果报应/报应,karma/retribution,slang,
L1106,點鬼樣行,dim2 gwai2 joeng6 haang4,0,怎么去/怎样去/怎么走/点鬼样行,how to get there,Colloquial,
L1107,揦手唔成势,laa2 sau2 m4 sing4 sai3,0,未做好应对准备/手忙脚乱/棘手/笨手笨脚,awkward/in a dilemma/unprepared to handle/all thumbs,slang,
L1108,棘手,kik1 sau2,0,未做好应对准备/难搞/棘手/麻烦/废脑/伤脑,thorny/intractable/difficult,Colloquial,
L1109,三分顏色上大紅,saam1 fan1 ngaan4 sik1 soeng5 daai6 hung4,0,不自量力/不知自量/给他一寸，他就会得寸进尺/给根杆你还爬的挺快/实力不够又得意忘形/实力不够充专家/少少成就以为自己很厉害/以为自己很牛逼/得寸进尺/别太过分/蹬鼻子上脸/给点阳光就灿烂/给点好脸色就得意忘形/得意忘形,give him an inch and he will take a mile/push your luck/Don’t overdo it/Don’t get cocky/You get carried away too easily,Chinese proverbs ,
L1110,攤凍,taan1 dung3,0,放凉/冷却/摊冷/摊冻,cool down,Colloquial,
L1111,𠺘碗,long2 wun2,0,水简单清洗器皿/涮碗/冲碗/把碗涮洗干净/冲一冲,wash the dishes,Colloquial,
L1112,𠺘口盅,long2 hau2 zung1 ,0,漱口杯,rinsing mug,Colloquial,
L1113,嘥氣,saai1 hei3,0,嘥气/浪费口舌/白费劲/白费力气/算了吧/徒劳无功/浪费力气/多此一举/浪费口水,What a waste of breath/ waste of breath/It’s a waste of breath/It’s no use talking,Colloquial,Complaints / Frustration / Giving up on communication
L1114,嘥gas,saai1 gas,0,嘥气/浪费口舌/白费劲/白费力气/算了吧/徒劳无功/浪费力气/多此一举/浪费口水,What a waste of breath/ waste of breath/It’s a waste of breath/It’s no use talking,Colloquial,Complaints / Frustration / Giving up on communication
L1115,嘥口水,saai1 hau2 seoi2 ,0,嘥气/浪费口舌/白费劲/白费力气/算了吧/徒劳无功/浪费力气/多此一举/浪费口水,What a waste of breath/ waste of breath/It’s a waste of breath/It’s no use talking,Colloquial,Complaints / Frustration / Giving up on communication
L1116,難搞,naan4 gaau2,0,难搞/棘手/麻烦/废脑/伤脑,thorny/intractable/difficult,Colloquial,
L1117,唔係啩,m4 hai6 gwaa3,0,不是/不是吧/真的吗/开玩笑的吧/你开玩笑的吧,No way/no/not/are you joking/seriously,Colloquial,
L1118,唔閪係啩,m4 hai1 hai6 gwaa3,1,不是/不是吧/真的吗/开玩笑的吧/你开玩笑的吧,No way/no/not/are you joking/seriously,Colloquial,
L1119,唔撚係啩,m4 nan2 hai6 gwaa3,1,不是/不是吧/真的吗/开玩笑的吧/你开玩笑的吧,No way/no/not/are you joking/seriously,Colloquial,
L1120,倾偈,king1 gai2 ,0,聊天/交谈/倾计/谈话/,chat/talk,Colloquial,Behavior
L1121,打牙骹,daa2 ngaa4 gaau3,0,聊天/交谈/倾计/谈话/,chat/talk,slang,Behavior
L1122,大家慢慢,daai6 gaa1 maan6 maan6,0,吃饱了/吃完了,I'm full/I'm stuffed,Colloquial,
L1123,食饱喇,sik6 baau2 laa3,0,吃饱了/吃完了,I'm full/I'm stuffed,Colloquial,
L1124,爭崩頭,zaang1 bang1 tau4,0,内卷/恶性竞争/挣破头/争崩头,Involution,Colloquial,
L1125,做爛市,zou6 laan6 si5,0,内卷/恶性竞争/挣破头/做烂市,Involution,Colloquial,
L1126,塘水滾塘魚,tong4 seoi2 gwan2 tong4 jyu4,0,内卷/恶性竞争/挣破头,Involution,slang,
L1127,累鬥累,leoi6 dau3 leoi6,0,内卷/恶性竞争/挣破头,Involution,Colloquial,
L1128,恶性競爭,ok3 sing3 ging3 zang1,0,内卷/恶性竞争/挣破头,Involution,Colloquial,
L1129,揾命博,wan2 meng6 bok3,0,拼命/不要命,Desperate/Reckless,Colloquial,Status Description
L1130,好聲啲,hou2 seng1 di1,0,小心点/注意安全,be safe/take care,Colloquial,warn
L1131,好聲,hou2 seng1 ,0,小心/当心/慢走,be careful/be watchful/,Colloquial,Instructions
L1132,因住,jan1 zyu6,0,当心/小心,watch out/look out/be careful/be cautious/beware of,Colloquial,Instructions
L1133,啲咁多,di1 gam3 do1,0,这么小/这么点/一丁点/少少,a little bit/just a bit,Colloquial,Quantity description
L1134,雞碎咁多,gai1 seoi3 gam3 do1,0,这么小/这么点/一丁点/少少,a little bit/just a bit/very little,Colloquial,Quantity description
L1135,啲咁啄,dit1 gam3 doek1,0,这么小/这么点/一丁点/少少,a little bit/just a bit/very little,Colloquial,Quantity description
L1136,啋過你,coi1 gwo3 nei5,0,呸呸呸/闭上你的嘴/乌鸦嘴,Shut your stinky mouth/jinx,slang,
L1137,啋過你把衰口,coi1 gwo3 nei5 baa2 seoi1 hau2,0,呸呸呸/闭上你的嘴/乌鸦嘴,Shut your stinky mouth/jinx,slang,
L1138,啋過你把口,coi1 gwo3 nei5 baa2 hau2,0,呸呸呸/闭上你的嘴/乌鸦嘴,Shut your stinky mouth/jinx,slang,
L1139,大吉利事,daai6 gat1 lei6 si6,0,呸呸呸/闭上你的嘴/乌鸦嘴,Shut your stinky mouth/jinx,slang,
L1140,啋過你把死人口,coi1 gwo3 nei5 baa2 sei2 jan4 hau2,1,呸呸呸/闭上你的嘴/乌鸦嘴,Shut your stinky mouth/jinx,slang,abuse
L1141,啋過你把閪口,coi1 gwo3 nei5 baa2 hai1 hau2,1,呸呸呸/闭上你的嘴/乌鸦嘴,Shut your stinky mouth/jinx,slang,abuse
L1142,冤戾,jyun1 lai2,0,冤枉,Wrongfully convicted,Colloquial,
L1143,下扒輕輕,haa6 paa4 heng1 heng1,0,随便答应/随口许诺/,promising easily,Colloquial,
L1144,濕濕碎,sap1 sap1 seoi3,0,湿湿碎/小事一桩/小事情/小意思/小问题/小菜一碟/轻而易举/小case,easy job/trivial/asy to fix/No sweat/easy case,Colloquial,
L1145,四正,sei3 zeng3 ,0,端正/整齐/顺眼,tidy/fit/sound and wholesome/good look/,slang,
L1146,牙煙,ngaa4 jin1,0,危险的/有风险的/不安全的/有害的/不安全/危险/有害, risky/dangerous/unsafe/hazardous,Colloquial,
L1147,一嚿雲,jat1 gau6 wan4 ,0,不清不楚/糊里糊涂,stupid/Unclear/Confused,slang,
L1148,把鬼,baa2 gwai2,0,没用/没用的/不做某事/有什么用/白费劲/毫无用处,futile/pointless/meaningless,Colloquial,
L1149,巴揸,baa1 zaa1,0,多嘴/多管闲事,Talkative/meddlesome,slang,
L1150,大水喉,daai6 seoi2 hau4,0,金主爸爸/有钱人/干爹/金主/榜一大哥/钞能力,rich people/rich/Financial assistance,slang,Behavior/People
L1151,損咗,syun2 zo2 ,0,擦伤了/破了皮/受伤了,Abrasion/Broken skin/Injury,Colloquial,Injury
L1152,屈親,wat1 can1,0,扭伤了/受伤了/受伤了,I sprained my ankle/I'm injured/I'm hurt,Colloquial,Injury
L1153,屈親隻手,wat1 can1 zek3 sau2,0,手扭伤了/扭伤了手/受伤了,My hand is sprained/I have a sprained hand/I am injured,Colloquial,Injury
L1154,屈親隻腳,wat1 can1 zek3 goek3,0,脚扭伤了/扭伤了脚//受伤了/脚崴了/扭伤脚踝,I twisted my ankle/twisted my ankle/injured,Colloquial,Injury
L1155,屈親條腰,wat1 can1 tiu4 jiu1,0,腰扭伤了/扭伤了腰/受伤了,I twisted my waist/twisted my back/injured myself,Colloquial,Injury
L1156,拗柴,ngaau2 caai4 ,0,脚扭伤了/扭伤了脚//受伤了/脚崴了/扭伤脚踝,I twisted my ankle/twisted my ankle/injured,Colloquial,Injury
L1157,撳掣,gam6 zai3,0,按钮,Button,Colloquial,
L1158,入實驗室撳緊急掣,jap6 sat6 jim6 sat1 gam6 gan2 gap1 zai3,0,入实验室按紧急按钮,to enter the laboratory and press the emergency stop button,Chinese proverbs ,
L1159,撳錢,gam6 cin2,0,拿钱/提款,Collect the money/Withdrawal,Colloquial,
L1160,撳門鐘,gam6 mun4 zung1,0,按门铃,press a doorbell,Colloquial,
L1161,撳落去,gam6 lok6 heoi3,0,按下去,Press it down,Colloquial,
L1162,淥親,luk6 can1,0,烫伤/烫着,scald,Colloquial,
L1163,淥鳩親,luk6 kau2 can1,1,烫伤/烫着,scald,Colloquial,
L1164,損鳩咗,syun2 kau2 zo2 ,1,擦伤了/破了皮/受伤了,Abrasion/Broken skin/Injury,Colloquial,Injury
L1165,損撚咗,syun2 nan2 zo2 ,1,擦伤了/破了皮/受伤了,Abrasion/Broken skin/Injury,Colloquial,Injury
L1166,損柒咗,syun2 cat6 zo2 ,1,擦伤了/破了皮/受伤了,Abrasion/Broken skin/Injury,Colloquial,Injury
L1167,屈鳩親,wat1 kau2 can1,1,扭伤了/受伤了/受伤了,I sprained my ankle/I'm injured/I'm hurt,Colloquial,Injury
L1168,好,hou3,0,好的/无语/无语了/可以,ok/okay/speechless,Colloquial,
L1169,得,dak1,0,好的/无语/无语了/可以,ok/okay/speechless,Colloquial,
L1170,冇嘢講,mou2 je5 gong2,0,好的/无语/无语了/可以/无话可说,ok/okay/speechless,Colloquial,
L1171,得喇咁,dak1 laa3 gam3,0,好的/无语/无语了/可以/无话可说,ok/okay/speechless,Colloquial,
L1172,冇嘢好講,mou2 je5 hou3 gong2,0,好的/无语/无语了/可以/无话可说,ok/okay/speechless,Colloquial,
L1173,,,,,,,
,,,,,,,
,,,,,,,
,,,,,,,
,,,,,,,
